Publication Number,Level 1,Level 2,level 3,Level 4,Level 5
US20220020131A1,BUSINESS FIELDS,GEOSPATIAL ENTERPRISE SOLUTIONS,,,
US20220020131A1,GEOSPATIAL ENTERPRISE SOLUTIONS (SPECIFIC AREAS),REALITY CAPTURE,,,
CN215470924U,BUSINESS FIELDS,INDUSTRIAL ENTERPRISE SOLUTIONS,,,
CN215470924U,INDUSTRIAL ENTERPRISE SOLUTIONS (SPECIFIC AREAS),MANUFACTURING AND INTELLIGENCE SOLUTIONS,,,
US20220005261A1,OTHER AREAS,ENGINEERING DESIGN/ CAD SOFTWARES,,,
US20210408694A1,BUSINESS FIELDS,GEOSPATIAL ENTERPRISE SOLUTIONS,,,
US20210408694A1,GEOSPATIAL ENTERPRISE SOLUTIONS (SPECIFIC AREAS),AUTONOMY & POSITIONING,,,
US20210405198A1,BUSINESS FIELDS,GEOSPATIAL ENTERPRISE SOLUTIONS,,,
US20210405198A1,GEOSPATIAL ENTERPRISE SOLUTIONS (SPECIFIC AREAS),REALITY CAPTURE,,,
US20210396521A1,BUSINESS FIELDS,GEOSPATIAL ENTERPRISE SOLUTIONS,,,
US20210396521A1,GEOSPATIAL ENTERPRISE SOLUTIONS (SPECIFIC AREAS),AUTONOMY & POSITIONING,,,
US20210397202A1,BUSINESS FIELDS,GEOSPATIAL ENTERPRISE SOLUTIONS,,,
US20210397202A1,GEOSPATIAL ENTERPRISE SOLUTIONS (SPECIFIC AREAS),REALITY CAPTURE,,,
US20210390516A1,BUSINESS FIELDS,INDUSTRIAL ENTERPRISE SOLUTIONS,,,
US20210390516A1,INDUSTRIAL ENTERPRISE SOLUTIONS (SPECIFIC AREAS),MANUFACTURING AND INTELLIGENCE SOLUTIONS,,,
US20210387301A1,BUSINESS FIELDS,INDUSTRIAL ENTERPRISE SOLUTIONS,,,
US20210387301A1,INDUSTRIAL ENTERPRISE SOLUTIONS (SPECIFIC AREAS),MANUFACTURING AND INTELLIGENCE SOLUTIONS,,,
CN215179740U,BUSINESS FIELDS,INDUSTRIAL ENTERPRISE SOLUTIONS,,,
CN215179740U,INDUSTRIAL ENTERPRISE SOLUTIONS (SPECIFIC AREAS),MANUFACTURING AND INTELLIGENCE SOLUTIONS,,,
CN215149091U,BUSINESS FIELDS,INDUSTRIAL ENTERPRISE SOLUTIONS,,,
CN215149091U,INDUSTRIAL ENTERPRISE SOLUTIONS (SPECIFIC AREAS),MANUFACTURING AND INTELLIGENCE SOLUTIONS,,,
US20220053135A1,BUSINESS FIELDS,GEOSPATIAL ENTERPRISE SOLUTIONS,,,
US20220053135A1,GEOSPATIAL ENTERPRISE SOLUTIONS (SPECIFIC AREAS),SURVEYING,,,
CN214932223U,BUSINESS FIELDS,INDUSTRIAL ENTERPRISE SOLUTIONS,,,
CN214932223U,INDUSTRIAL ENTERPRISE SOLUTIONS (SPECIFIC AREAS),MEASURING TOOLS/ INSTRUMENTS,,,
CN214946161U,BUSINESS FIELDS,INDUSTRIAL ENTERPRISE SOLUTIONS,,,
CN214946161U,INDUSTRIAL ENTERPRISE SOLUTIONS (SPECIFIC AREAS),MEASURING TOOLS/ INSTRUMENTS,,,
CN214951003U,BUSINESS FIELDS,INDUSTRIAL ENTERPRISE SOLUTIONS,,,
CN214951003U,INDUSTRIAL ENTERPRISE SOLUTIONS (SPECIFIC AREAS),MEASURING TOOLS/ INSTRUMENTS,,,
US20210365479A1,BUSINESS FIELDS,INDUSTRIAL ENTERPRISE SOLUTIONS,,,
US20210365479A1,INDUSTRIAL ENTERPRISE SOLUTIONS (SPECIFIC AREAS),MANUFACTURING AND INTELLIGENCE SOLUTIONS,,,
CN214747571U,BUSINESS FIELDS,INDUSTRIAL ENTERPRISE SOLUTIONS,,,
CN214747571U,INDUSTRIAL ENTERPRISE SOLUTIONS (SPECIFIC AREAS),MEASURING TOOLS/ INSTRUMENTS,,,
CN214747572U,BUSINESS FIELDS,INDUSTRIAL ENTERPRISE SOLUTIONS,,,
CN214747572U,INDUSTRIAL ENTERPRISE SOLUTIONS (SPECIFIC AREAS),MEASURING TOOLS/ INSTRUMENTS,,,
WO2021228551A1,BUSINESS FIELDS,INDUSTRIAL ENTERPRISE SOLUTIONS,,,
WO2021228551A1,INDUSTRIAL ENTERPRISE SOLUTIONS (SPECIFIC AREAS),MANUFACTURING AND INTELLIGENCE SOLUTIONS,,,
WO2021228747A1,BUSINESS FIELDS,INDUSTRIAL ENTERPRISE SOLUTIONS,,,
WO2021228747A1,INDUSTRIAL ENTERPRISE SOLUTIONS (SPECIFIC AREAS),MANUFACTURING AND INTELLIGENCE SOLUTIONS,,,
WO2021228748A1,BUSINESS FIELDS,INDUSTRIAL ENTERPRISE SOLUTIONS,,,
WO2021228748A1,INDUSTRIAL ENTERPRISE SOLUTIONS (SPECIFIC AREAS),MANUFACTURING AND INTELLIGENCE SOLUTIONS,,,
WO2021228550A1,BUSINESS FIELDS,INDUSTRIAL ENTERPRISE SOLUTIONS,,,
WO2021228550A1,INDUSTRIAL ENTERPRISE SOLUTIONS (SPECIFIC AREAS),MANUFACTURING AND INTELLIGENCE SOLUTIONS,,,
DE102020112648A1,BUSINESS FIELDS,INDUSTRIAL ENTERPRISE SOLUTIONS,,,
DE102020112648A1,INDUSTRIAL ENTERPRISE SOLUTIONS (SPECIFIC AREAS),MANUFACTURING AND INTELLIGENCE SOLUTIONS,,,
US20210350526A1,BUSINESS FIELDS,INDUSTRIAL ENTERPRISE SOLUTIONS,,,
US20210350526A1,INDUSTRIAL ENTERPRISE SOLUTIONS (SPECIFIC AREAS),MANUFACTURING AND INTELLIGENCE SOLUTIONS,,,
JP2021175868A,BUSINESS FIELDS,GEOSPATIAL ENTERPRISE SOLUTIONS,,,
JP2021175868A,GEOSPATIAL ENTERPRISE SOLUTIONS (SPECIFIC AREAS),BUILDING,,,
US20210342761A1,BUSINESS FIELDS,GEOSPATIAL ENTERPRISE SOLUTIONS,,,
US20210342761A1,GEOSPATIAL ENTERPRISE SOLUTIONS (SPECIFIC AREAS),BUILDING,,,
US20210341627A1,BUSINESS FIELDS,GEOSPATIAL ENTERPRISE SOLUTIONS,,,
US20210341627A1,GEOSPATIAL ENTERPRISE SOLUTIONS (SPECIFIC AREAS),AUTONOMY & POSITIONING,,,
EP3901562A1,BUSINESS FIELDS,INDUSTRIAL ENTERPRISE SOLUTIONS,,,
EP3901562A1,INDUSTRIAL ENTERPRISE SOLUTIONS (SPECIFIC AREAS),MANUFACTURING AND INTELLIGENCE SOLUTIONS,,,
US20210334626A1,BUSINESS FIELDS,GEOSPATIAL ENTERPRISE SOLUTIONS,,,
US20210334626A1,GEOSPATIAL ENTERPRISE SOLUTIONS (SPECIFIC AREAS),AUTONOMY & POSITIONING,,,
CN214445714U,BUSINESS FIELDS,INDUSTRIAL ENTERPRISE SOLUTIONS,,,
CN214445714U,INDUSTRIAL ENTERPRISE SOLUTIONS (SPECIFIC AREAS),MANUFACTURING AND INTELLIGENCE SOLUTIONS,,,
CN113538548A,BUSINESS FIELDS,INDUSTRIAL ENTERPRISE SOLUTIONS,,,
CN113538548A,INDUSTRIAL ENTERPRISE SOLUTIONS (SPECIFIC AREAS),MANUFACTURING AND INTELLIGENCE SOLUTIONS,,,
US20210325545A1,BUSINESS FIELDS,GEOSPATIAL ENTERPRISE SOLUTIONS,,,
US20210325545A1,GEOSPATIAL ENTERPRISE SOLUTIONS (SPECIFIC AREAS),AUTONOMY & POSITIONING,,,
CN214391717U,BUSINESS FIELDS,INDUSTRIAL ENTERPRISE SOLUTIONS,,,
CN214391717U,INDUSTRIAL ENTERPRISE SOLUTIONS (SPECIFIC AREAS),MANUFACTURING AND INTELLIGENCE SOLUTIONS,,,
CN214393133U,BUSINESS FIELDS,INDUSTRIAL ENTERPRISE SOLUTIONS,,,
CN214393133U,INDUSTRIAL ENTERPRISE SOLUTIONS (SPECIFIC AREAS),MANUFACTURING AND INTELLIGENCE SOLUTIONS,,,
CN214398808U,BUSINESS FIELDS,INDUSTRIAL ENTERPRISE SOLUTIONS,,,
CN214398808U,INDUSTRIAL ENTERPRISE SOLUTIONS (SPECIFIC AREAS),MANUFACTURING AND INTELLIGENCE SOLUTIONS,,,
CN113483892A,BUSINESS FIELDS,INDUSTRIAL ENTERPRISE SOLUTIONS,,,
CN113483892A,INDUSTRIAL ENTERPRISE SOLUTIONS (SPECIFIC AREAS),MANUFACTURING AND INTELLIGENCE SOLUTIONS,,,
CN113465505A,BUSINESS FIELDS,INDUSTRIAL ENTERPRISE SOLUTIONS,,,
CN113465505A,INDUSTRIAL ENTERPRISE SOLUTIONS (SPECIFIC AREAS),MANUFACTURING AND INTELLIGENCE SOLUTIONS,,,
US20210310794A1,BUSINESS FIELDS,GEOSPATIAL ENTERPRISE SOLUTIONS,,,
US20210310794A1,GEOSPATIAL ENTERPRISE SOLUTIONS (SPECIFIC AREAS),REALITY CAPTURE,,,
US20210305680A1,BUSINESS FIELDS,GEOSPATIAL ENTERPRISE SOLUTIONS,,,
US20210305680A1,GEOSPATIAL ENTERPRISE SOLUTIONS (SPECIFIC AREAS),AUTONOMY & POSITIONING,,,
US20210302578A1,BUSINESS FIELDS,GEOSPATIAL ENTERPRISE SOLUTIONS,,,
US20210302578A1,GEOSPATIAL ENTERPRISE SOLUTIONS (SPECIFIC AREAS),SURVEYING,,,
WO2021181461A1,BUSINESS FIELDS,INDUSTRIAL ENTERPRISE SOLUTIONS,,,
WO2021181461A1,INDUSTRIAL ENTERPRISE SOLUTIONS (SPECIFIC AREAS),MANUFACTURING AND INTELLIGENCE SOLUTIONS,,,
US20210278822A1,BUSINESS FIELDS,INDUSTRIAL ENTERPRISE SOLUTIONS,,,
US20210278822A1,INDUSTRIAL ENTERPRISE SOLUTIONS (SPECIFIC AREAS),MANUFACTURING AND INTELLIGENCE SOLUTIONS,,,
CN214135948U,BUSINESS FIELDS,INDUSTRIAL ENTERPRISE SOLUTIONS,,,
CN214135948U,INDUSTRIAL ENTERPRISE SOLUTIONS (SPECIFIC AREAS),MANUFACTURING AND INTELLIGENCE SOLUTIONS,,,
US20210263161A1,BUSINESS FIELDS,GEOSPATIAL ENTERPRISE SOLUTIONS,,,
US20210263161A1,GEOSPATIAL ENTERPRISE SOLUTIONS (SPECIFIC AREAS),AUTONOMY & POSITIONING,,,
CN214040086U,BUSINESS FIELDS,INDUSTRIAL ENTERPRISE SOLUTIONS,,,
CN214040086U,INDUSTRIAL ENTERPRISE SOLUTIONS (SPECIFIC AREAS),MANUFACTURING AND INTELLIGENCE SOLUTIONS,,,
US20210255331A1,BUSINESS FIELDS,GEOSPATIAL ENTERPRISE SOLUTIONS,,,
US20210255331A1,GEOSPATIAL ENTERPRISE SOLUTIONS (SPECIFIC AREAS),AUTONOMY & POSITIONING,,,
US20210254308A1,BUSINESS FIELDS,GEOSPATIAL ENTERPRISE SOLUTIONS,,,
US20210254308A1,GEOSPATIAL ENTERPRISE SOLUTIONS (SPECIFIC AREAS),BUILDING,,,
CN113237898A,BUSINESS FIELDS,INDUSTRIAL ENTERPRISE SOLUTIONS,,,
CN113237898A,INDUSTRIAL ENTERPRISE SOLUTIONS (SPECIFIC AREAS),MANUFACTURING AND INTELLIGENCE SOLUTIONS,,,
US20220011105A1,BUSINESS FIELDS,GEOSPATIAL ENTERPRISE SOLUTIONS,,,
US20220011105A1,GEOSPATIAL ENTERPRISE SOLUTIONS (SPECIFIC AREAS),SURVEYING,,,
US20210223042A1,BUSINESS FIELDS,GEOSPATIAL ENTERPRISE SOLUTIONS,,,
US20210223042A1,GEOSPATIAL ENTERPRISE SOLUTIONS (SPECIFIC AREAS),SURVEYING,,,
CN213688231U,BUSINESS FIELDS,INDUSTRIAL ENTERPRISE SOLUTIONS,,,
CN213688231U,INDUSTRIAL ENTERPRISE SOLUTIONS (SPECIFIC AREAS),MANUFACTURING AND INTELLIGENCE SOLUTIONS,,,
WO2021136583A1,BUSINESS FIELDS,GEOSPATIAL ENTERPRISE SOLUTIONS,,,
WO2021136583A1,GEOSPATIAL ENTERPRISE SOLUTIONS (SPECIFIC AREAS),REALITY CAPTURE,,,
EP3839424A1,BUSINESS FIELDS,GEOSPATIAL ENTERPRISE SOLUTIONS,,,
EP3839424A1,GEOSPATIAL ENTERPRISE SOLUTIONS (SPECIFIC AREAS),SURVEYING,,,
EP3839416A1,BUSINESS FIELDS,INDUSTRIAL ENTERPRISE SOLUTIONS,,,
EP3839416A1,INDUSTRIAL ENTERPRISE SOLUTIONS (SPECIFIC AREAS),MANUFACTURING AND INTELLIGENCE SOLUTIONS,,,
US20210181494A1,BUSINESS FIELDS,INDUSTRIAL ENTERPRISE SOLUTIONS,,,
US20210181494A1,INDUSTRIAL ENTERPRISE SOLUTIONS (SPECIFIC AREAS),MANUFACTURING AND INTELLIGENCE SOLUTIONS,,,
US20210166372A1,BUSINESS FIELDS,GEOSPATIAL ENTERPRISE SOLUTIONS,,,
US20210166372A1,GEOSPATIAL ENTERPRISE SOLUTIONS (SPECIFIC AREAS),REALITY CAPTURE,,,
WO2021099386A1,BUSINESS FIELDS,GEOSPATIAL ENTERPRISE SOLUTIONS,,,
WO2021099386A1,GEOSPATIAL ENTERPRISE SOLUTIONS (SPECIFIC AREAS),REALITY CAPTURE,,,
WO2021099385A1,BUSINESS FIELDS,GEOSPATIAL ENTERPRISE SOLUTIONS,,,
WO2021099385A1,GEOSPATIAL ENTERPRISE SOLUTIONS (SPECIFIC AREAS),REALITY CAPTURE,,,
DE102019131434A1,BUSINESS FIELDS,GEOSPATIAL ENTERPRISE SOLUTIONS,,,
DE102019131434A1,GEOSPATIAL ENTERPRISE SOLUTIONS (SPECIFIC AREAS),REALITY CAPTURE,,,
US20210158530A1,BUSINESS FIELDS,GEOSPATIAL ENTERPRISE SOLUTIONS,,,
US20210158530A1,GEOSPATIAL ENTERPRISE SOLUTIONS (SPECIFIC AREAS),REALITY CAPTURE,,,
US20210149030A1,BUSINESS FIELDS,GEOSPATIAL ENTERPRISE SOLUTIONS,,,
US20210149030A1,GEOSPATIAL ENTERPRISE SOLUTIONS (SPECIFIC AREAS),SURVEYING,,,
US11085751B2,BUSINESS FIELDS,INDUSTRIAL ENTERPRISE SOLUTIONS,,,
US11085751B2,INDUSTRIAL ENTERPRISE SOLUTIONS (SPECIFIC AREAS),MANUFACTURING AND INTELLIGENCE SOLUTIONS,,,
CN213010597U,BUSINESS FIELDS,INDUSTRIAL ENTERPRISE SOLUTIONS,,,
CN213010597U,INDUSTRIAL ENTERPRISE SOLUTIONS (SPECIFIC AREAS),MANUFACTURING AND INTELLIGENCE SOLUTIONS,,,
CN213021432U,BUSINESS FIELDS,INDUSTRIAL ENTERPRISE SOLUTIONS,,,
CN213021432U,INDUSTRIAL ENTERPRISE SOLUTIONS (SPECIFIC AREAS),MANUFACTURING AND INTELLIGENCE SOLUTIONS,,,
CN213022884U,BUSINESS FIELDS,INDUSTRIAL ENTERPRISE SOLUTIONS,,,
CN213022884U,INDUSTRIAL ENTERPRISE SOLUTIONS (SPECIFIC AREAS),MANUFACTURING AND INTELLIGENCE SOLUTIONS,,,
CN213021445U,BUSINESS FIELDS,INDUSTRIAL ENTERPRISE SOLUTIONS,,,
CN213021445U,INDUSTRIAL ENTERPRISE SOLUTIONS (SPECIFIC AREAS),MANUFACTURING AND INTELLIGENCE SOLUTIONS,,,
WO2021069079A1,BUSINESS FIELDS,GEOSPATIAL ENTERPRISE SOLUTIONS,,,
WO2021069079A1,GEOSPATIAL ENTERPRISE SOLUTIONS (SPECIFIC AREAS),SURVEYING,,,
CN212963234U,BUSINESS FIELDS,INDUSTRIAL ENTERPRISE SOLUTIONS,,,
CN212963234U,INDUSTRIAL ENTERPRISE SOLUTIONS (SPECIFIC AREAS),MANUFACTURING AND INTELLIGENCE SOLUTIONS,,,
CN212963233U,BUSINESS FIELDS,INDUSTRIAL ENTERPRISE SOLUTIONS,,,
CN212963233U,INDUSTRIAL ENTERPRISE SOLUTIONS (SPECIFIC AREAS),MANUFACTURING AND INTELLIGENCE SOLUTIONS,,,
CN212843410U,BUSINESS FIELDS,INDUSTRIAL ENTERPRISE SOLUTIONS,,,
CN212843410U,INDUSTRIAL ENTERPRISE SOLUTIONS (SPECIFIC AREAS),MANUFACTURING AND INTELLIGENCE SOLUTIONS,,,
CN212843409U,BUSINESS FIELDS,INDUSTRIAL ENTERPRISE SOLUTIONS,,,
CN212843409U,INDUSTRIAL ENTERPRISE SOLUTIONS (SPECIFIC AREAS),MANUFACTURING AND INTELLIGENCE SOLUTIONS,,,
US20210081581A1,OTHER AREAS,ENGINEERING DESIGN/ CAD SOFTWARES,,,
US20210081582A1,OTHER AREAS,ENGINEERING DESIGN/ CAD SOFTWARES,,,
US20210073431A1,OTHER AREAS,ENGINEERING DESIGN/ CAD SOFTWARES,,,
US20210064015A1,BUSINESS FIELDS,INDUSTRIAL ENTERPRISE SOLUTIONS,,,
US20210064015A1,INDUSTRIAL ENTERPRISE SOLUTIONS (SPECIFIC AREAS),CMMS,,,
US20210063150A1,BUSINESS FIELDS,GEOSPATIAL ENTERPRISE SOLUTIONS,,,
US20210063150A1,GEOSPATIAL ENTERPRISE SOLUTIONS (SPECIFIC AREAS),SURVEYING,,,
US20210056716A1,BUSINESS FIELDS,GEOSPATIAL ENTERPRISE SOLUTIONS,,,
US20210056242A1,OTHER AREAS,ENGINEERING DESIGN/ CAD SOFTWARES,,,
US20210055104A1,BUSINESS FIELDS,GEOSPATIAL ENTERPRISE SOLUTIONS,,,
US20210055104A1,GEOSPATIAL ENTERPRISE SOLUTIONS (SPECIFIC AREAS),SURVEYING,,,
US20210055105A1,BUSINESS FIELDS,GEOSPATIAL ENTERPRISE SOLUTIONS,,,
US20210055105A1,GEOSPATIAL ENTERPRISE SOLUTIONS (SPECIFIC AREAS),SURVEYING,,,
US20210055102A1,BUSINESS FIELDS,GEOSPATIAL ENTERPRISE SOLUTIONS,,,
US20210055102A1,GEOSPATIAL ENTERPRISE SOLUTIONS (SPECIFIC AREAS),SURVEYING,,,
DE102019122049B4,BUSINESS FIELDS,INDUSTRIAL ENTERPRISE SOLUTIONS,,,
DE102019122049B4,INDUSTRIAL ENTERPRISE SOLUTIONS (SPECIFIC AREAS),CMMS,,,
WO2021028248A1,BUSINESS FIELDS,INDUSTRIAL ENTERPRISE SOLUTIONS,,,
WO2021028248A1,INDUSTRIAL ENTERPRISE SOLUTIONS (SPECIFIC AREAS),MANUFACTURING AND INTELLIGENCE SOLUTIONS,,,
US20210049784A1,BUSINESS FIELDS,GEOSPATIAL ENTERPRISE SOLUTIONS,,,
US20210049784A1,GEOSPATIAL ENTERPRISE SOLUTIONS (SPECIFIC AREAS),SURVEYING,,,
CN212458290U,BUSINESS FIELDS,INDUSTRIAL ENTERPRISE SOLUTIONS,,,
CN212458290U,INDUSTRIAL ENTERPRISE SOLUTIONS (SPECIFIC AREAS),MANUFACTURING AND INTELLIGENCE SOLUTIONS,,,
WO2021013680A3,BUSINESS FIELDS,GEOSPATIAL ENTERPRISE SOLUTIONS,,,
WO2021013680A3,GEOSPATIAL ENTERPRISE SOLUTIONS (SPECIFIC AREAS),MONITORING,,,
CN212301366U,BUSINESS FIELDS,INDUSTRIAL ENTERPRISE SOLUTIONS,,,
CN212301366U,INDUSTRIAL ENTERPRISE SOLUTIONS (SPECIFIC AREAS),MANUFACTURING AND INTELLIGENCE SOLUTIONS,,,
USD906846S1,BUSINESS FIELDS,GEOSPATIAL ENTERPRISE SOLUTIONS,,,
USD906846S1,GEOSPATIAL ENTERPRISE SOLUTIONS (SPECIFIC AREAS),SURVEYING,,,
WO2020257877A1,BUSINESS FIELDS,GEOSPATIAL ENTERPRISE SOLUTIONS,,,
WO2020257877A1,GEOSPATIAL ENTERPRISE SOLUTIONS (SPECIFIC AREAS),MINING,,,
US20200408528A1,BUSINESS FIELDS,GEOSPATIAL ENTERPRISE SOLUTIONS,,,
US20200408528A1,GEOSPATIAL ENTERPRISE SOLUTIONS (SPECIFIC AREAS),AUTONOMY & POSITIONING,,,
USD906141S1,BUSINESS FIELDS,GEOSPATIAL ENTERPRISE SOLUTIONS,,,
USD906141S1,GEOSPATIAL ENTERPRISE SOLUTIONS (SPECIFIC AREAS),SURVEYING,,,
US20220043167A1,BUSINESS FIELDS,GEOSPATIAL ENTERPRISE SOLUTIONS,,,
US20220043167A1,GEOSPATIAL ENTERPRISE SOLUTIONS (SPECIFIC AREAS),AUTONOMY & POSITIONING,,,
CN212144238U,BUSINESS FIELDS,INDUSTRIAL ENTERPRISE SOLUTIONS,,,
CN212144238U,INDUSTRIAL ENTERPRISE SOLUTIONS (SPECIFIC AREAS),MANUFACTURING AND INTELLIGENCE SOLUTIONS,,,
CN212146084U,BUSINESS FIELDS,INDUSTRIAL ENTERPRISE SOLUTIONS,,,
CN212146084U,INDUSTRIAL ENTERPRISE SOLUTIONS (SPECIFIC AREAS),MANUFACTURING AND INTELLIGENCE SOLUTIONS,,,
EP3748585A1,BUSINESS FIELDS,GEOSPATIAL ENTERPRISE SOLUTIONS,,,
EP3748585A1,GEOSPATIAL ENTERPRISE SOLUTIONS (SPECIFIC AREAS),REALITY CAPTURE,,,
EP3748583A1,BUSINESS FIELDS,GEOSPATIAL ENTERPRISE SOLUTIONS,,,
EP3748583A1,GEOSPATIAL ENTERPRISE SOLUTIONS (SPECIFIC AREAS),REALITY CAPTURE,,,
US20200389505A1,BUSINESS FIELDS,GEOSPATIAL ENTERPRISE SOLUTIONS,,,
US20200389505A1,GEOSPATIAL ENTERPRISE SOLUTIONS (SPECIFIC AREAS),PUBLIC SAFETY,,,
US11106937B2,BUSINESS FIELDS,GEOSPATIAL ENTERPRISE SOLUTIONS,,,
US11106937B2,GEOSPATIAL ENTERPRISE SOLUTIONS (SPECIFIC AREAS),REALITY CAPTURE,,,
US20200386548A1,BUSINESS FIELDS,GEOSPATIAL ENTERPRISE SOLUTIONS,,,
US20200386548A1,GEOSPATIAL ENTERPRISE SOLUTIONS (SPECIFIC AREAS),SURVEYING,,,
US20200376668A1,BUSINESS FIELDS,INDUSTRIAL ENTERPRISE SOLUTIONS,,,
US20200376668A1,INDUSTRIAL ENTERPRISE SOLUTIONS (SPECIFIC AREAS),MANUFACTURING AND INTELLIGENCE SOLUTIONS,,,
CN212049265U,BUSINESS FIELDS,INDUSTRIAL ENTERPRISE SOLUTIONS,,,
CN212049265U,INDUSTRIAL ENTERPRISE SOLUTIONS (SPECIFIC AREAS),MANUFACTURING AND INTELLIGENCE SOLUTIONS,,,
CN212058817U,BUSINESS FIELDS,INDUSTRIAL ENTERPRISE SOLUTIONS,,,
CN212058817U,INDUSTRIAL ENTERPRISE SOLUTIONS (SPECIFIC AREAS),MANUFACTURING AND INTELLIGENCE SOLUTIONS,,,
CN212056388U,BUSINESS FIELDS,INDUSTRIAL ENTERPRISE SOLUTIONS,,,
CN212056388U,INDUSTRIAL ENTERPRISE SOLUTIONS (SPECIFIC AREAS),CMMS,,,
CN211991873U,BUSINESS FIELDS,INDUSTRIAL ENTERPRISE SOLUTIONS,,,
CN211991873U,INDUSTRIAL ENTERPRISE SOLUTIONS (SPECIFIC AREAS),MANUFACTURING AND INTELLIGENCE SOLUTIONS,,,
CN111931610A,BUSINESS FIELDS,GEOSPATIAL ENTERPRISE SOLUTIONS,,,
CN111931610A,GEOSPATIAL ENTERPRISE SOLUTIONS (SPECIFIC AREAS),AUTONOMY & POSITIONING,,,
US20200356218A1,BUSINESS FIELDS,INDUSTRIAL ENTERPRISE SOLUTIONS,,,
US20200356218A1,INDUSTRIAL ENTERPRISE SOLUTIONS (SPECIFIC AREAS),MANUFACTURING AND INTELLIGENCE SOLUTIONS,,,
CN211904037U,BUSINESS FIELDS,GEOSPATIAL ENTERPRISE SOLUTIONS,,,
CN211904039U,BUSINESS FIELDS,INDUSTRIAL ENTERPRISE SOLUTIONS,,,
CN211904039U,INDUSTRIAL ENTERPRISE SOLUTIONS (SPECIFIC AREAS),MANUFACTURING AND INTELLIGENCE SOLUTIONS,,,
CN211846327U,BUSINESS FIELDS,INDUSTRIAL ENTERPRISE SOLUTIONS,,,
CN211846327U,INDUSTRIAL ENTERPRISE SOLUTIONS (SPECIFIC AREAS),MANUFACTURING AND INTELLIGENCE SOLUTIONS,,,
US20200348133A1,BUSINESS FIELDS,GEOSPATIAL ENTERPRISE SOLUTIONS,,,
US20200348133A1,GEOSPATIAL ENTERPRISE SOLUTIONS (SPECIFIC AREAS),SURVEYING,,,
CN111857053A,BUSINESS FIELDS,INDUSTRIAL ENTERPRISE SOLUTIONS,,,
CN111857053A,INDUSTRIAL ENTERPRISE SOLUTIONS (SPECIFIC AREAS),MANUFACTURING AND INTELLIGENCE SOLUTIONS,,,
CN211768378U,BUSINESS FIELDS,INDUSTRIAL ENTERPRISE SOLUTIONS,,,
CN211768378U,INDUSTRIAL ENTERPRISE SOLUTIONS (SPECIFIC AREAS),MANUFACTURING AND INTELLIGENCE SOLUTIONS,,,
CN211783308U,BUSINESS FIELDS,INDUSTRIAL ENTERPRISE SOLUTIONS,,,
CN211783308U,INDUSTRIAL ENTERPRISE SOLUTIONS (SPECIFIC AREAS),MANUFACTURING AND INTELLIGENCE SOLUTIONS,,,
CN211783377U,BUSINESS FIELDS,INDUSTRIAL ENTERPRISE SOLUTIONS,,,
CN211783377U,INDUSTRIAL ENTERPRISE SOLUTIONS (SPECIFIC AREAS),CMMS,,,
US20200341154A1,BUSINESS FIELDS,GEOSPATIAL ENTERPRISE SOLUTIONS,,,
US20200341154A1,GEOSPATIAL ENTERPRISE SOLUTIONS (SPECIFIC AREAS),AUTONOMY & POSITIONING,,,
CN211760995U,BUSINESS FIELDS,INDUSTRIAL ENTERPRISE SOLUTIONS,,,
CN211760995U,INDUSTRIAL ENTERPRISE SOLUTIONS (SPECIFIC AREAS),MANUFACTURING AND INTELLIGENCE SOLUTIONS,,,
CN211737896U,BUSINESS FIELDS,INDUSTRIAL ENTERPRISE SOLUTIONS,,,
CN211737896U,INDUSTRIAL ENTERPRISE SOLUTIONS (SPECIFIC AREAS),MANUFACTURING AND INTELLIGENCE SOLUTIONS,,,
CN211744598U,BUSINESS FIELDS,GEOSPATIAL ENTERPRISE SOLUTIONS,,,
EP3956736A1,BUSINESS FIELDS,INDUSTRIAL ENTERPRISE SOLUTIONS,,,
EP3956736A1,INDUSTRIAL ENTERPRISE SOLUTIONS (SPECIFIC AREAS),MANUFACTURING AND INTELLIGENCE SOLUTIONS,,,
CN211696368U,BUSINESS FIELDS,INDUSTRIAL ENTERPRISE SOLUTIONS,,,
CN211696368U,INDUSTRIAL ENTERPRISE SOLUTIONS (SPECIFIC AREAS),MANUFACTURING AND INTELLIGENCE SOLUTIONS,,,
CN211696306U,BUSINESS FIELDS,INDUSTRIAL ENTERPRISE SOLUTIONS,,,
CN211696306U,INDUSTRIAL ENTERPRISE SOLUTIONS (SPECIFIC AREAS),CMMS,,,
CN211702162U,BUSINESS FIELDS,GEOSPATIAL ENTERPRISE SOLUTIONS,,,
CN211702162U,GEOSPATIAL ENTERPRISE SOLUTIONS (SPECIFIC AREAS),SURVEYING,,,
BE1022160B1,OTHER AREAS,ENGINEERING DESIGN/ CAD SOFTWARES,,,
US20200327707A1,BUSINESS FIELDS,GEOSPATIAL ENTERPRISE SOLUTIONS,,,
US20200327707A1,GEOSPATIAL ENTERPRISE SOLUTIONS (SPECIFIC AREAS),AUTONOMY & POSITIONING,,,
EP3950222A1,BUSINESS FIELDS,GEOSPATIAL ENTERPRISE SOLUTIONS,,,
EP3950222A1,GEOSPATIAL ENTERPRISE SOLUTIONS (SPECIFIC AREAS),SURVEYING,,,
EP3948769A1,BUSINESS FIELDS,GEOSPATIAL ENTERPRISE SOLUTIONS,,,
EP3948769A1,GEOSPATIAL ENTERPRISE SOLUTIONS (SPECIFIC AREAS),SURVEYING,,,
US20200309515A1,BUSINESS FIELDS,GEOSPATIAL ENTERPRISE SOLUTIONS,,,
US20200309515A1,GEOSPATIAL ENTERPRISE SOLUTIONS (SPECIFIC AREAS),SURVEYING,,,
CN111724362A,BUSINESS FIELDS,INDUSTRIAL ENTERPRISE SOLUTIONS,,,
CN111724362A,INDUSTRIAL ENTERPRISE SOLUTIONS (SPECIFIC AREAS),MANUFACTURING AND INTELLIGENCE SOLUTIONS,,,
CN111707673A,BUSINESS FIELDS,INDUSTRIAL ENTERPRISE SOLUTIONS,,,
CN111707673A,INDUSTRIAL ENTERPRISE SOLUTIONS (SPECIFIC AREAS),MANUFACTURING AND INTELLIGENCE SOLUTIONS,,,
CN211552830U,BUSINESS FIELDS,INDUSTRIAL ENTERPRISE SOLUTIONS,,,
CN211552830U,INDUSTRIAL ENTERPRISE SOLUTIONS (SPECIFIC AREAS),MANUFACTURING AND INTELLIGENCE SOLUTIONS,,,
US20200293037A1,BUSINESS FIELDS,GEOSPATIAL ENTERPRISE SOLUTIONS,,,
US20200293037A1,GEOSPATIAL ENTERPRISE SOLUTIONS (SPECIFIC AREAS),BUILDING,,,
US11125558B2,BUSINESS FIELDS,GEOSPATIAL ENTERPRISE SOLUTIONS,,,
US11125558B2,GEOSPATIAL ENTERPRISE SOLUTIONS (SPECIFIC AREAS),SURVEYING,,,
CN211504019U,BUSINESS FIELDS,INDUSTRIAL ENTERPRISE SOLUTIONS,,,
CN211504019U,INDUSTRIAL ENTERPRISE SOLUTIONS (SPECIFIC AREAS),CMMS,,,
US20200263974A1,BUSINESS FIELDS,GEOSPATIAL ENTERPRISE SOLUTIONS,,,
US20200263974A1,GEOSPATIAL ENTERPRISE SOLUTIONS (SPECIFIC AREAS),SURVEYING,,,
EP3924934A1,BUSINESS FIELDS,INDUSTRIAL ENTERPRISE SOLUTIONS,,,
EP3924934A1,INDUSTRIAL ENTERPRISE SOLUTIONS (SPECIFIC AREAS),MANUFACTURING AND INTELLIGENCE SOLUTIONS,,,
CN211234400U,BUSINESS FIELDS,INDUSTRIAL ENTERPRISE SOLUTIONS,,,
CN211234400U,INDUSTRIAL ENTERPRISE SOLUTIONS (SPECIFIC AREAS),MANUFACTURING AND INTELLIGENCE SOLUTIONS,,,
US20200249017A1,BUSINESS FIELDS,GEOSPATIAL ENTERPRISE SOLUTIONS,,,
US20200249017A1,GEOSPATIAL ENTERPRISE SOLUTIONS (SPECIFIC AREAS),SURVEYING,,,
CN211178442U,BUSINESS FIELDS,INDUSTRIAL ENTERPRISE SOLUTIONS,,,
CN211178442U,INDUSTRIAL ENTERPRISE SOLUTIONS (SPECIFIC AREAS),MANUFACTURING AND INTELLIGENCE SOLUTIONS,,,
CN211147542U,BUSINESS FIELDS,INDUSTRIAL ENTERPRISE SOLUTIONS,,,
CN211147542U,INDUSTRIAL ENTERPRISE SOLUTIONS (SPECIFIC AREAS),MEASURING TOOLS/ INSTRUMENTS,,,
CN211147485U,BUSINESS FIELDS,INDUSTRIAL ENTERPRISE SOLUTIONS,,,
CN211147485U,INDUSTRIAL ENTERPRISE SOLUTIONS (SPECIFIC AREAS),MEASURING TOOLS/ INSTRUMENTS,,,
CN211147486U,BUSINESS FIELDS,INDUSTRIAL ENTERPRISE SOLUTIONS,,,
CN211147486U,INDUSTRIAL ENTERPRISE SOLUTIONS (SPECIFIC AREAS),MEASURING TOOLS/ INSTRUMENTS,,,
CN211147487U,BUSINESS FIELDS,INDUSTRIAL ENTERPRISE SOLUTIONS,,,
CN211147487U,INDUSTRIAL ENTERPRISE SOLUTIONS (SPECIFIC AREAS),MEASURING TOOLS/ INSTRUMENTS,,,
CN211136633U,BUSINESS FIELDS,INDUSTRIAL ENTERPRISE SOLUTIONS,,,
CN211136633U,INDUSTRIAL ENTERPRISE SOLUTIONS (SPECIFIC AREAS),MEASURING TOOLS/ INSTRUMENTS,,,
US20200209394A1,BUSINESS FIELDS,GEOSPATIAL ENTERPRISE SOLUTIONS,,,
CN111410049A,BUSINESS FIELDS,INDUSTRIAL ENTERPRISE SOLUTIONS,,,
CN111410049A,INDUSTRIAL ENTERPRISE SOLUTIONS (SPECIFIC AREAS),MANUFACTURING AND INTELLIGENCE SOLUTIONS,,,
US11175137B2,BUSINESS FIELDS,GEOSPATIAL ENTERPRISE SOLUTIONS,,,
US11175137B2,GEOSPATIAL ENTERPRISE SOLUTIONS (SPECIFIC AREAS),SURVEYING,,,
JP2020097071A,BUSINESS FIELDS,INDUSTRIAL ENTERPRISE SOLUTIONS,,,
JP2020097071A,INDUSTRIAL ENTERPRISE SOLUTIONS (SPECIFIC AREAS),MANUFACTURING AND INTELLIGENCE SOLUTIONS,,,
USD888591S1,BUSINESS FIELDS,INDUSTRIAL ENTERPRISE SOLUTIONS,,,
USD888591S1,INDUSTRIAL ENTERPRISE SOLUTIONS (SPECIFIC AREAS),MEASURING TOOLS/ INSTRUMENTS,,,
EP3671105B1,BUSINESS FIELDS,INDUSTRIAL ENTERPRISE SOLUTIONS,,,
EP3671105B1,INDUSTRIAL ENTERPRISE SOLUTIONS (SPECIFIC AREAS),MANUFACTURING AND INTELLIGENCE SOLUTIONS,,,
US20200200872A1,BUSINESS FIELDS,GEOSPATIAL ENTERPRISE SOLUTIONS,,,
US20200200872A1,GEOSPATIAL ENTERPRISE SOLUTIONS (SPECIFIC AREAS),MONITORING,,,
EP3894785A1,BUSINESS FIELDS,GEOSPATIAL ENTERPRISE SOLUTIONS,,,
EP3894785A1,GEOSPATIAL ENTERPRISE SOLUTIONS (SPECIFIC AREAS),SURVEYING,,,
DE102018132011A1,BUSINESS FIELDS,INDUSTRIAL ENTERPRISE SOLUTIONS,,,
DE102018132011A1,INDUSTRIAL ENTERPRISE SOLUTIONS (SPECIFIC AREAS),MANUFACTURING AND INTELLIGENCE SOLUTIONS,,,
US20200191929A1,BUSINESS FIELDS,GEOSPATIAL ENTERPRISE SOLUTIONS,,,
US20200191569A1,BUSINESS FIELDS,GEOSPATIAL ENTERPRISE SOLUTIONS,,,
US20200191569A1,GEOSPATIAL ENTERPRISE SOLUTIONS (SPECIFIC AREAS),SURVEYING,,,
US20200182604A1,BUSINESS FIELDS,INDUSTRIAL ENTERPRISE SOLUTIONS,,,
US20200182604A1,INDUSTRIAL ENTERPRISE SOLUTIONS (SPECIFIC AREAS),CMMS,,,
US20210372768A1,BUSINESS FIELDS,GEOSPATIAL ENTERPRISE SOLUTIONS,,,
US20210372768A1,GEOSPATIAL ENTERPRISE SOLUTIONS (SPECIFIC AREAS),SURVEYING,,,
US20210396513A1,BUSINESS FIELDS,INDUSTRIAL ENTERPRISE SOLUTIONS,,,
US20210396513A1,INDUSTRIAL ENTERPRISE SOLUTIONS (SPECIFIC AREAS),MANUFACTURING AND INTELLIGENCE SOLUTIONS,,,
US10990202B2,BUSINESS FIELDS,GEOSPATIAL ENTERPRISE SOLUTIONS,,,
US10990202B2,GEOSPATIAL ENTERPRISE SOLUTIONS (SPECIFIC AREAS),SURVEYING,,,
CN210359905U,BUSINESS FIELDS,INDUSTRIAL ENTERPRISE SOLUTIONS,,,
CN210359905U,INDUSTRIAL ENTERPRISE SOLUTIONS (SPECIFIC AREAS),MANUFACTURING AND INTELLIGENCE SOLUTIONS,,,
US20200116833A1,BUSINESS FIELDS,GEOSPATIAL ENTERPRISE SOLUTIONS,,,
US20200116833A1,GEOSPATIAL ENTERPRISE SOLUTIONS (SPECIFIC AREAS),SURVEYING,,,
EP3629203A1,OTHER AREAS,ENGINEERING DESIGN/ CAD SOFTWARES,,,
US20200097617A1,OTHER AREAS,ENGINEERING DESIGN/ CAD SOFTWARES,,,
EP3853816A1,BUSINESS FIELDS,INDUSTRIAL ENTERPRISE SOLUTIONS,,,
EP3853816A1,INDUSTRIAL ENTERPRISE SOLUTIONS (SPECIFIC AREAS),MANUFACTURING AND INTELLIGENCE SOLUTIONS,,,
US20210240882A1,OTHER AREAS,ENGINEERING DESIGN/ CAD SOFTWARES,,,
US11010500B2,OTHER AREAS,ENGINEERING DESIGN/ CAD SOFTWARES,,,
US20220074874A1,BUSINESS FIELDS,INDUSTRIAL ENTERPRISE SOLUTIONS,,,
US20220074874A1,INDUSTRIAL ENTERPRISE SOLUTIONS (SPECIFIC AREAS),MANUFACTURING AND INTELLIGENCE SOLUTIONS,,,
US20200081098A1,BUSINESS FIELDS,GEOSPATIAL ENTERPRISE SOLUTIONS,,,
US20200080839A1,BUSINESS FIELDS,INDUSTRIAL ENTERPRISE SOLUTIONS,,,
US20200080839A1,INDUSTRIAL ENTERPRISE SOLUTIONS (SPECIFIC AREAS),MANUFACTURING AND INTELLIGENCE SOLUTIONS,,,
US20200078871A1,BUSINESS FIELDS,INDUSTRIAL ENTERPRISE SOLUTIONS,,,
US20200078871A1,INDUSTRIAL ENTERPRISE SOLUTIONS (SPECIFIC AREAS),MANUFACTURING AND INTELLIGENCE SOLUTIONS,,,
US20210173982A1,OTHER AREAS,ENGINEERING DESIGN/ CAD SOFTWARES,,,
JP6966674B2,BUSINESS FIELDS,GEOSPATIAL ENTERPRISE SOLUTIONS,,,
JP6966674B2,GEOSPATIAL ENTERPRISE SOLUTIONS (SPECIFIC AREAS),BUILDING,,,
US20210165928A1,OTHER AREAS,ENGINEERING DESIGN/ CAD SOFTWARES,,,
US20210173981A1,OTHER AREAS,ENGINEERING DESIGN/ CAD SOFTWARES,,,
US11087036B2,BUSINESS FIELDS,GEOSPATIAL ENTERPRISE SOLUTIONS,,,
US11087036B2,GEOSPATIAL ENTERPRISE SOLUTIONS (SPECIFIC AREAS),BUILDING,,,
US20200056886A1,BUSINESS FIELDS,GEOSPATIAL ENTERPRISE SOLUTIONS,,,
US20200056886A1,GEOSPATIAL ENTERPRISE SOLUTIONS (SPECIFIC AREAS),SURVEYING,,,
USD875573S1,BUSINESS FIELDS,GEOSPATIAL ENTERPRISE SOLUTIONS,,,
USD875573S1,GEOSPATIAL ENTERPRISE SOLUTIONS (SPECIFIC AREAS),SURVEYING,,,
US11211971B2,BUSINESS FIELDS,GEOSPATIAL ENTERPRISE SOLUTIONS,,,
US11211971B2,GEOSPATIAL ENTERPRISE SOLUTIONS (SPECIFIC AREAS),AUTONOMY & POSITIONING,,,
US10742258B1,BUSINESS FIELDS,GEOSPATIAL ENTERPRISE SOLUTIONS,,,
US10742258B1,GEOSPATIAL ENTERPRISE SOLUTIONS (SPECIFIC AREAS),AUTONOMY & POSITIONING,,,
EP3827219A1,BUSINESS FIELDS,INDUSTRIAL ENTERPRISE SOLUTIONS,,,
EP3827219A1,INDUSTRIAL ENTERPRISE SOLUTIONS (SPECIFIC AREAS),MANUFACTURING AND INTELLIGENCE SOLUTIONS,,,
US11118890B2,BUSINESS FIELDS,INDUSTRIAL ENTERPRISE SOLUTIONS,,,
US11118890B2,INDUSTRIAL ENTERPRISE SOLUTIONS (SPECIFIC AREAS),CMMS,,,
CN209954442U,BUSINESS FIELDS,INDUSTRIAL ENTERPRISE SOLUTIONS,,,
CN209954442U,INDUSTRIAL ENTERPRISE SOLUTIONS (SPECIFIC AREAS),MEASURING TOOLS/ INSTRUMENTS,,,
US20200018598A1,BUSINESS FIELDS,GEOSPATIAL ENTERPRISE SOLUTIONS,,,
US20200018598A1,GEOSPATIAL ENTERPRISE SOLUTIONS (SPECIFIC AREAS),SURVEYING,,,
US20210123718A1,BUSINESS FIELDS,INDUSTRIAL ENTERPRISE SOLUTIONS,,,
US20210123718A1,INDUSTRIAL ENTERPRISE SOLUTIONS (SPECIFIC AREAS),MANUFACTURING AND INTELLIGENCE SOLUTIONS,,,
US20210123719A1,BUSINESS FIELDS,INDUSTRIAL ENTERPRISE SOLUTIONS,,,
US20210123719A1,INDUSTRIAL ENTERPRISE SOLUTIONS (SPECIFIC AREAS),MANUFACTURING AND INTELLIGENCE SOLUTIONS,,,
US20210122059A1,BUSINESS FIELDS,INDUSTRIAL ENTERPRISE SOLUTIONS,,,
US20210122059A1,INDUSTRIAL ENTERPRISE SOLUTIONS (SPECIFIC AREAS),MANUFACTURING AND INTELLIGENCE SOLUTIONS,,,
US20210122058A1,BUSINESS FIELDS,INDUSTRIAL ENTERPRISE SOLUTIONS,,,
US20210122058A1,INDUSTRIAL ENTERPRISE SOLUTIONS (SPECIFIC AREAS),MANUFACTURING AND INTELLIGENCE SOLUTIONS,,,
US20210122060A1,BUSINESS FIELDS,INDUSTRIAL ENTERPRISE SOLUTIONS,,,
US20210122060A1,INDUSTRIAL ENTERPRISE SOLUTIONS (SPECIFIC AREAS),MANUFACTURING AND INTELLIGENCE SOLUTIONS,,,
US20210122057A1,BUSINESS FIELDS,INDUSTRIAL ENTERPRISE SOLUTIONS,,,
US20210122057A1,INDUSTRIAL ENTERPRISE SOLUTIONS (SPECIFIC AREAS),MANUFACTURING AND INTELLIGENCE SOLUTIONS,,,
EP3584533A1,BUSINESS FIELDS,INDUSTRIAL ENTERPRISE SOLUTIONS,,,
EP3584533A1,INDUSTRIAL ENTERPRISE SOLUTIONS (SPECIFIC AREAS),CMMS,,,
CN209811652U,BUSINESS FIELDS,INDUSTRIAL ENTERPRISE SOLUTIONS,,,
CN209811652U,INDUSTRIAL ENTERPRISE SOLUTIONS (SPECIFIC AREAS),MEASURING TOOLS/ INSTRUMENTS,,,
CN209811725U,BUSINESS FIELDS,INDUSTRIAL ENTERPRISE SOLUTIONS,,,
CN209811725U,INDUSTRIAL ENTERPRISE SOLUTIONS (SPECIFIC AREAS),MEASURING TOOLS/ INSTRUMENTS,,,
CN209792919U,BUSINESS FIELDS,INDUSTRIAL ENTERPRISE SOLUTIONS,,,
CN209792919U,INDUSTRIAL ENTERPRISE SOLUTIONS (SPECIFIC AREAS),MANUFACTURING AND INTELLIGENCE SOLUTIONS,,,
US11010930B2,OTHER AREAS,ENGINEERING DESIGN/ CAD SOFTWARES,,,
US20200388144A1,BUSINESS FIELDS,GEOSPATIAL ENTERPRISE SOLUTIONS,,,
US20200388144A1,GEOSPATIAL ENTERPRISE SOLUTIONS (SPECIFIC AREAS),PUBLIC SAFETY,,,
US20190377317A1,BUSINESS FIELDS,INDUSTRIAL ENTERPRISE SOLUTIONS,,,
US20190377317A1,INDUSTRIAL ENTERPRISE SOLUTIONS (SPECIFIC AREAS),MANUFACTURING AND INTELLIGENCE SOLUTIONS,,,
US10895647B2,BUSINESS FIELDS,GEOSPATIAL ENTERPRISE SOLUTIONS,,,
US10895647B2,GEOSPATIAL ENTERPRISE SOLUTIONS (SPECIFIC AREAS),AUTONOMY & POSITIONING,,,
US20210180957A1,BUSINESS FIELDS,GEOSPATIAL ENTERPRISE SOLUTIONS,,,
US20210180957A1,GEOSPATIAL ENTERPRISE SOLUTIONS (SPECIFIC AREAS),AUTONOMY & POSITIONING,,,
CN110530260A,BUSINESS FIELDS,INDUSTRIAL ENTERPRISE SOLUTIONS,,,
CN110530260A,INDUSTRIAL ENTERPRISE SOLUTIONS (SPECIFIC AREAS),MANUFACTURING AND INTELLIGENCE SOLUTIONS,,,
US10878633B2,BUSINESS FIELDS,GEOSPATIAL ENTERPRISE SOLUTIONS,,,
US10878633B2,GEOSPATIAL ENTERPRISE SOLUTIONS (SPECIFIC AREAS),REALITY CAPTURE,,,
CN209605692U,BUSINESS FIELDS,INDUSTRIAL ENTERPRISE SOLUTIONS,,,
CN209605692U,INDUSTRIAL ENTERPRISE SOLUTIONS (SPECIFIC AREAS),MEASURING TOOLS/ INSTRUMENTS,,,
CN209605691U,BUSINESS FIELDS,INDUSTRIAL ENTERPRISE SOLUTIONS,,,
CN209605691U,INDUSTRIAL ENTERPRISE SOLUTIONS (SPECIFIC AREAS),MEASURING TOOLS/ INSTRUMENTS,,,
CN209605693U,BUSINESS FIELDS,INDUSTRIAL ENTERPRISE SOLUTIONS,,,
CN209605693U,INDUSTRIAL ENTERPRISE SOLUTIONS (SPECIFIC AREAS),MEASURING TOOLS/ INSTRUMENTS,,,
CN209579288U,BUSINESS FIELDS,INDUSTRIAL ENTERPRISE SOLUTIONS,,,
CN209579288U,INDUSTRIAL ENTERPRISE SOLUTIONS (SPECIFIC AREAS),MANUFACTURING AND INTELLIGENCE SOLUTIONS,,,
US11047990B2,BUSINESS FIELDS,GEOSPATIAL ENTERPRISE SOLUTIONS,,,
US11047990B2,GEOSPATIAL ENTERPRISE SOLUTIONS (SPECIFIC AREAS),AUTONOMY & POSITIONING,,,
US20190324121A1,BUSINESS FIELDS,GEOSPATIAL ENTERPRISE SOLUTIONS,,,
US20190324121A1,GEOSPATIAL ENTERPRISE SOLUTIONS (SPECIFIC AREAS),SURVEYING,,,
EP3554063A1,BUSINESS FIELDS,GEOSPATIAL ENTERPRISE SOLUTIONS,,,
EP3554063A1,GEOSPATIAL ENTERPRISE SOLUTIONS (SPECIFIC AREAS),SURVEYING,,,
US11231262B2,BUSINESS FIELDS,INDUSTRIAL ENTERPRISE SOLUTIONS,,,
US11231262B2,INDUSTRIAL ENTERPRISE SOLUTIONS (SPECIFIC AREAS),CMMS,,,
CN209432070U,BUSINESS FIELDS,INDUSTRIAL ENTERPRISE SOLUTIONS,,,
CN209432070U,INDUSTRIAL ENTERPRISE SOLUTIONS (SPECIFIC AREAS),MANUFACTURING AND INTELLIGENCE SOLUTIONS,,,
CN209427605U,BUSINESS FIELDS,INDUSTRIAL ENTERPRISE SOLUTIONS,,,
CN209427605U,INDUSTRIAL ENTERPRISE SOLUTIONS (SPECIFIC AREAS),MANUFACTURING AND INTELLIGENCE SOLUTIONS,,,
CN209432090U,BUSINESS FIELDS,INDUSTRIAL ENTERPRISE SOLUTIONS,,,
CN209432090U,INDUSTRIAL ENTERPRISE SOLUTIONS (SPECIFIC AREAS),MANUFACTURING AND INTELLIGENCE SOLUTIONS,,,
CN209427649U,BUSINESS FIELDS,INDUSTRIAL ENTERPRISE SOLUTIONS,,,
CN209427649U,INDUSTRIAL ENTERPRISE SOLUTIONS (SPECIFIC AREAS),MANUFACTURING AND INTELLIGENCE SOLUTIONS,,,
CN209425421U,BUSINESS FIELDS,GEOSPATIAL ENTERPRISE SOLUTIONS,,,
CN209425421U,GEOSPATIAL ENTERPRISE SOLUTIONS (SPECIFIC AREAS),BUILDING,,,
CN209427604U,BUSINESS FIELDS,INDUSTRIAL ENTERPRISE SOLUTIONS,,,
CN209427604U,INDUSTRIAL ENTERPRISE SOLUTIONS (SPECIFIC AREAS),MANUFACTURING AND INTELLIGENCE SOLUTIONS,,,
CN209432076U,BUSINESS FIELDS,INDUSTRIAL ENTERPRISE SOLUTIONS,,,
CN209432076U,INDUSTRIAL ENTERPRISE SOLUTIONS (SPECIFIC AREAS),CMMS,,,
US11181370B2,BUSINESS FIELDS,GEOSPATIAL ENTERPRISE SOLUTIONS,,,
US11181370B2,GEOSPATIAL ENTERPRISE SOLUTIONS (SPECIFIC AREAS),SURVEYING,,,
CN209399926U,BUSINESS FIELDS,INDUSTRIAL ENTERPRISE SOLUTIONS,,,
CN209399926U,INDUSTRIAL ENTERPRISE SOLUTIONS (SPECIFIC AREAS),MANUFACTURING AND INTELLIGENCE SOLUTIONS,,,
US10419902B1,BUSINESS FIELDS,GEOSPATIAL ENTERPRISE SOLUTIONS,,,
WO2019162112A1,BUSINESS FIELDS,GEOSPATIAL ENTERPRISE SOLUTIONS,,,
WO2019162112A1,GEOSPATIAL ENTERPRISE SOLUTIONS (SPECIFIC AREAS),MONITORING,,,
US20200380666A1,BUSINESS FIELDS,INDUSTRIAL ENTERPRISE SOLUTIONS,,,
US20200380666A1,INDUSTRIAL ENTERPRISE SOLUTIONS (SPECIFIC AREAS),MANUFACTURING AND INTELLIGENCE SOLUTIONS,,,
US20200025921A1,BUSINESS FIELDS,GEOSPATIAL ENTERPRISE SOLUTIONS,,,
US20200025921A1,GEOSPATIAL ENTERPRISE SOLUTIONS (SPECIFIC AREAS),SURVEYING,,,
US10825202B2,BUSINESS FIELDS,INDUSTRIAL ENTERPRISE SOLUTIONS,,,
US10825202B2,INDUSTRIAL ENTERPRISE SOLUTIONS (SPECIFIC AREAS),MANUFACTURING AND INTELLIGENCE SOLUTIONS,,,
US10662639B2,BUSINESS FIELDS,GEOSPATIAL ENTERPRISE SOLUTIONS,,,
US10662639B2,GEOSPATIAL ENTERPRISE SOLUTIONS (SPECIFIC AREAS),BUILDING,,,
US20190242702A1,BUSINESS FIELDS,INDUSTRIAL ENTERPRISE SOLUTIONS,,,
US20190242702A1,INDUSTRIAL ENTERPRISE SOLUTIONS (SPECIFIC AREAS),MANUFACTURING AND INTELLIGENCE SOLUTIONS,,,
US10890430B2,BUSINESS FIELDS,GEOSPATIAL ENTERPRISE SOLUTIONS,,,
US10890430B2,GEOSPATIAL ENTERPRISE SOLUTIONS (SPECIFIC AREAS),SURVEYING,,,
US20190227149A1,BUSINESS FIELDS,GEOSPATIAL ENTERPRISE SOLUTIONS,,,
US20190227149A1,GEOSPATIAL ENTERPRISE SOLUTIONS (SPECIFIC AREAS),SURVEYING,,,
US20190196017A1,BUSINESS FIELDS,GEOSPATIAL ENTERPRISE SOLUTIONS,,,
US20190196017A1,GEOSPATIAL ENTERPRISE SOLUTIONS (SPECIFIC AREAS),SURVEYING,,,
US11216664B2,BUSINESS FIELDS,GEOSPATIAL ENTERPRISE SOLUTIONS,,,
US11216664B2,GEOSPATIAL ENTERPRISE SOLUTIONS (SPECIFIC AREAS),MINING,,,
US20190187285A1,BUSINESS FIELDS,GEOSPATIAL ENTERPRISE SOLUTIONS,,,
US20190187285A1,GEOSPATIAL ENTERPRISE SOLUTIONS (SPECIFIC AREAS),SURVEYING,,,
CN208984016U,BUSINESS FIELDS,INDUSTRIAL ENTERPRISE SOLUTIONS,,,
CN208984016U,INDUSTRIAL ENTERPRISE SOLUTIONS (SPECIFIC AREAS),MANUFACTURING AND INTELLIGENCE SOLUTIONS,,,
CH714396B1,BUSINESS FIELDS,GEOSPATIAL ENTERPRISE SOLUTIONS,,,
CH714396B1,GEOSPATIAL ENTERPRISE SOLUTIONS (SPECIFIC AREAS),BUILDING,,,
US20190178081A1,BUSINESS FIELDS,GEOSPATIAL ENTERPRISE SOLUTIONS,,,
US20190178081A1,GEOSPATIAL ENTERPRISE SOLUTIONS (SPECIFIC AREAS),MINING,,,
US10877463B2,BUSINESS FIELDS,INDUSTRIAL ENTERPRISE SOLUTIONS,,,
US10877463B2,INDUSTRIAL ENTERPRISE SOLUTIONS (SPECIFIC AREAS),MANUFACTURING AND INTELLIGENCE SOLUTIONS,,,
CN208921089U,BUSINESS FIELDS,INDUSTRIAL ENTERPRISE SOLUTIONS,,,
CN208921089U,INDUSTRIAL ENTERPRISE SOLUTIONS (SPECIFIC AREAS),CMMS,,,
CN208921050U,BUSINESS FIELDS,INDUSTRIAL ENTERPRISE SOLUTIONS,,,
CN208921050U,INDUSTRIAL ENTERPRISE SOLUTIONS (SPECIFIC AREAS),CMMS,,,
US11015930B2,BUSINESS FIELDS,GEOSPATIAL ENTERPRISE SOLUTIONS,,,
US11015930B2,GEOSPATIAL ENTERPRISE SOLUTIONS (SPECIFIC AREAS),SURVEYING,,,
US20190158811A1,BUSINESS FIELDS,GEOSPATIAL ENTERPRISE SOLUTIONS,,,
US20190158811A1,GEOSPATIAL ENTERPRISE SOLUTIONS (SPECIFIC AREAS),SURVEYING,,,
US10645363B2,BUSINESS FIELDS,GEOSPATIAL ENTERPRISE SOLUTIONS,,,
US10645363B2,GEOSPATIAL ENTERPRISE SOLUTIONS (SPECIFIC AREAS),REALITY CAPTURE,,,
JP2019073945A,BUSINESS FIELDS,GEOSPATIAL ENTERPRISE SOLUTIONS,,,
JP2019073945A,GEOSPATIAL ENTERPRISE SOLUTIONS (SPECIFIC AREAS),BUILDING,,,
US11022434B2,BUSINESS FIELDS,GEOSPATIAL ENTERPRISE SOLUTIONS,,,
US11022434B2,GEOSPATIAL ENTERPRISE SOLUTIONS (SPECIFIC AREAS),SURVEYING,,,
EP3480557A1,BUSINESS FIELDS,INDUSTRIAL ENTERPRISE SOLUTIONS,,,
EP3480557A1,INDUSTRIAL ENTERPRISE SOLUTIONS (SPECIFIC AREAS),MANUFACTURING AND INTELLIGENCE SOLUTIONS,,,
US10969794B2,BUSINESS FIELDS,GEOSPATIAL ENTERPRISE SOLUTIONS,,,
US10969794B2,GEOSPATIAL ENTERPRISE SOLUTIONS (SPECIFIC AREAS),AUTONOMY & POSITIONING,,,
JP2019059297A,BUSINESS FIELDS,GEOSPATIAL ENTERPRISE SOLUTIONS,,,
JP2019059297A,GEOSPATIAL ENTERPRISE SOLUTIONS (SPECIFIC AREAS),BUILDING,,,
USD873158S1,BUSINESS FIELDS,GEOSPATIAL ENTERPRISE SOLUTIONS,,,
USD873158S1,GEOSPATIAL ENTERPRISE SOLUTIONS (SPECIFIC AREAS),SURVEYING,,,
US20200238460A1,BUSINESS FIELDS,INDUSTRIAL ENTERPRISE SOLUTIONS,,,
US20200238460A1,INDUSTRIAL ENTERPRISE SOLUTIONS (SPECIFIC AREAS),MANUFACTURING AND INTELLIGENCE SOLUTIONS,,,
US20190107392A1,BUSINESS FIELDS,GEOSPATIAL ENTERPRISE SOLUTIONS,,,
US20190107392A1,GEOSPATIAL ENTERPRISE SOLUTIONS (SPECIFIC AREAS),SURVEYING,,,
US10907949B2,BUSINESS FIELDS,INDUSTRIAL ENTERPRISE SOLUTIONS,,,
US10907949B2,INDUSTRIAL ENTERPRISE SOLUTIONS (SPECIFIC AREAS),CMMS,,,
CN109579754A,BUSINESS FIELDS,INDUSTRIAL ENTERPRISE SOLUTIONS,,,
CN109579754A,INDUSTRIAL ENTERPRISE SOLUTIONS (SPECIFIC AREAS),MANUFACTURING AND INTELLIGENCE SOLUTIONS,,,
USD844468S1,BUSINESS FIELDS,GEOSPATIAL ENTERPRISE SOLUTIONS,,,
USD844468S1,GEOSPATIAL ENTERPRISE SOLUTIONS (SPECIFIC AREAS),SURVEYING,,,
US11138720B2,BUSINESS FIELDS,INDUSTRIAL ENTERPRISE SOLUTIONS,,,
US11138720B2,INDUSTRIAL ENTERPRISE SOLUTIONS (SPECIFIC AREAS),MANUFACTURING AND INTELLIGENCE SOLUTIONS,,,
US20200081979A1,BUSINESS FIELDS,GEOSPATIAL ENTERPRISE SOLUTIONS,,,
US20200081979A1,GEOSPATIAL ENTERPRISE SOLUTIONS (SPECIFIC AREAS),BUILDING,,,
US10832441B2,BUSINESS FIELDS,GEOSPATIAL ENTERPRISE SOLUTIONS,,,
US10832441B2,GEOSPATIAL ENTERPRISE SOLUTIONS (SPECIFIC AREAS),AUTONOMY & POSITIONING,,,
US20190094345A1,BUSINESS FIELDS,GEOSPATIAL ENTERPRISE SOLUTIONS,,,
US20190094345A1,GEOSPATIAL ENTERPRISE SOLUTIONS (SPECIFIC AREAS),AUTONOMY & POSITIONING,,,
US20190094344A1,BUSINESS FIELDS,GEOSPATIAL ENTERPRISE SOLUTIONS,,,
US20190094344A1,GEOSPATIAL ENTERPRISE SOLUTIONS (SPECIFIC AREAS),SURVEYING,,,
US20190094010A1,BUSINESS FIELDS,INDUSTRIAL ENTERPRISE SOLUTIONS,,,
US20190094010A1,INDUSTRIAL ENTERPRISE SOLUTIONS (SPECIFIC AREAS),CMMS,,,
USD843860S1,BUSINESS FIELDS,GEOSPATIAL ENTERPRISE SOLUTIONS,,,
USD843860S1,GEOSPATIAL ENTERPRISE SOLUTIONS (SPECIFIC AREAS),SURVEYING,,,
US10921440B2,BUSINESS FIELDS,GEOSPATIAL ENTERPRISE SOLUTIONS,,,
US10921440B2,GEOSPATIAL ENTERPRISE SOLUTIONS (SPECIFIC AREAS),AUTONOMY & POSITIONING,,,
US20190077076A1,BUSINESS FIELDS,INDUSTRIAL ENTERPRISE SOLUTIONS,,,
US20190077076A1,INDUSTRIAL ENTERPRISE SOLUTIONS (SPECIFIC AREAS),CMMS,,,
CN109436711A,BUSINESS FIELDS,INDUSTRIAL ENTERPRISE SOLUTIONS,,,
CN109436711A,INDUSTRIAL ENTERPRISE SOLUTIONS (SPECIFIC AREAS),CMMS,,,
CN208547300U,BUSINESS FIELDS,INDUSTRIAL ENTERPRISE SOLUTIONS,,,
CN208547300U,INDUSTRIAL ENTERPRISE SOLUTIONS (SPECIFIC AREAS),MEASURING TOOLS/ INSTRUMENTS,,,
US10670729B2,BUSINESS FIELDS,GEOSPATIAL ENTERPRISE SOLUTIONS,,,
US10670729B2,GEOSPATIAL ENTERPRISE SOLUTIONS (SPECIFIC AREAS),AUTONOMY & POSITIONING,,,
US20200174136A1,BUSINESS FIELDS,GEOSPATIAL ENTERPRISE SOLUTIONS,,,
US20200174136A1,GEOSPATIAL ENTERPRISE SOLUTIONS (SPECIFIC AREAS),AUTONOMY & POSITIONING,,,
US10733653B2,BUSINESS FIELDS,INDUSTRIAL ENTERPRISE SOLUTIONS,,,
US10733653B2,INDUSTRIAL ENTERPRISE SOLUTIONS (SPECIFIC AREAS),MANUFACTURING AND INTELLIGENCE SOLUTIONS,,,
US20190130353A1,BUSINESS FIELDS,INDUSTRIAL ENTERPRISE SOLUTIONS,,,
US20190130353A1,INDUSTRIAL ENTERPRISE SOLUTIONS (SPECIFIC AREAS),MANUFACTURING AND INTELLIGENCE SOLUTIONS,,,
US11010499B2,OTHER AREAS,ENGINEERING DESIGN/ CAD SOFTWARES,,,
US11048831B2,BUSINESS FIELDS,GEOSPATIAL ENTERPRISE SOLUTIONS,,,
US11048831B2,GEOSPATIAL ENTERPRISE SOLUTIONS (SPECIFIC AREAS),BUILDING,,,
US10712154B2,BUSINESS FIELDS,GEOSPATIAL ENTERPRISE SOLUTIONS,,,
US10712154B2,GEOSPATIAL ENTERPRISE SOLUTIONS (SPECIFIC AREAS),SURVEYING,,,
DE102017114807A1,BUSINESS FIELDS,INDUSTRIAL ENTERPRISE SOLUTIONS,,,
DE102017114807A1,INDUSTRIAL ENTERPRISE SOLUTIONS (SPECIFIC AREAS),MANUFACTURING AND INTELLIGENCE SOLUTIONS,,,
US20200160499A1,BUSINESS FIELDS,INDUSTRIAL ENTERPRISE SOLUTIONS,,,
US20200160499A1,INDUSTRIAL ENTERPRISE SOLUTIONS (SPECIFIC AREAS),MANUFACTURING AND INTELLIGENCE SOLUTIONS,,,
EP3421931A1,BUSINESS FIELDS,INDUSTRIAL ENTERPRISE SOLUTIONS,,,
EP3421931A1,INDUSTRIAL ENTERPRISE SOLUTIONS (SPECIFIC AREAS),CMMS,,,
US10581170B2,BUSINESS FIELDS,GEOSPATIAL ENTERPRISE SOLUTIONS,,,
US10581170B2,GEOSPATIAL ENTERPRISE SOLUTIONS (SPECIFIC AREAS),AUTONOMY & POSITIONING,,,
US10690775B2,BUSINESS FIELDS,GEOSPATIAL ENTERPRISE SOLUTIONS,,,
US10690775B2,GEOSPATIAL ENTERPRISE SOLUTIONS (SPECIFIC AREAS),AUTONOMY & POSITIONING,,,
US20190095752A1,BUSINESS FIELDS,GEOSPATIAL ENTERPRISE SOLUTIONS,,,
US20190095752A1,GEOSPATIAL ENTERPRISE SOLUTIONS (SPECIFIC AREAS),PUBLIC SAFETY,,,
US20180357605A1,BUSINESS FIELDS,GEOSPATIAL ENTERPRISE SOLUTIONS,,,
US20180357605A1,GEOSPATIAL ENTERPRISE SOLUTIONS (SPECIFIC AREAS),BUILDING,,,
US20200241142A1,BUSINESS FIELDS,GEOSPATIAL ENTERPRISE SOLUTIONS,,,
US20200241142A1,GEOSPATIAL ENTERPRISE SOLUTIONS (SPECIFIC AREAS),REALITY CAPTURE,,,
US10894561B2,BUSINESS FIELDS,GEOSPATIAL ENTERPRISE SOLUTIONS,,,
US10894561B2,GEOSPATIAL ENTERPRISE SOLUTIONS (SPECIFIC AREAS),MINING,,,
US11017596B2,OTHER AREAS,ENGINEERING DESIGN/ CAD SOFTWARES,,,
US11002842B2,BUSINESS FIELDS,GEOSPATIAL ENTERPRISE SOLUTIONS,,,
US11002842B2,GEOSPATIAL ENTERPRISE SOLUTIONS (SPECIFIC AREAS),BUILDING,,,
US10753740B2,BUSINESS FIELDS,GEOSPATIAL ENTERPRISE SOLUTIONS,,,
US10753740B2,GEOSPATIAL ENTERPRISE SOLUTIONS (SPECIFIC AREAS),SURVEYING,,,
IN2092DEL2012A,BUSINESS FIELDS,INDUSTRIAL ENTERPRISE SOLUTIONS,,,
IN2092DEL2012A,INDUSTRIAL ENTERPRISE SOLUTIONS (SPECIFIC AREAS),CMMS,,,
CN208155201U,BUSINESS FIELDS,INDUSTRIAL ENTERPRISE SOLUTIONS,,,
CN208155201U,INDUSTRIAL ENTERPRISE SOLUTIONS (SPECIFIC AREAS),MEASURING TOOLS/ INSTRUMENTS,,,
US11092438B2,BUSINESS FIELDS,GEOSPATIAL ENTERPRISE SOLUTIONS,,,
US11092438B2,GEOSPATIAL ENTERPRISE SOLUTIONS (SPECIFIC AREAS),SURVEYING,,,
US11112242B2,BUSINESS FIELDS,GEOSPATIAL ENTERPRISE SOLUTIONS,,,
US11112242B2,GEOSPATIAL ENTERPRISE SOLUTIONS (SPECIFIC AREAS),SURVEYING,,,
CN208075763U,BUSINESS FIELDS,INDUSTRIAL ENTERPRISE SOLUTIONS,,,
CN208075763U,INDUSTRIAL ENTERPRISE SOLUTIONS (SPECIFIC AREAS),MEASURING TOOLS/ INSTRUMENTS,,,
CN208075700U,BUSINESS FIELDS,INDUSTRIAL ENTERPRISE SOLUTIONS,,,
CN208075700U,INDUSTRIAL ENTERPRISE SOLUTIONS (SPECIFIC AREAS),MEASURING TOOLS/ INSTRUMENTS,,,
WO2018206225A1,BUSINESS FIELDS,INDUSTRIAL ENTERPRISE SOLUTIONS,,,
WO2018206225A1,INDUSTRIAL ENTERPRISE SOLUTIONS (SPECIFIC AREAS),MANUFACTURING AND INTELLIGENCE SOLUTIONS,,,
US11113834B2,BUSINESS FIELDS,INDUSTRIAL ENTERPRISE SOLUTIONS,,,
US11113834B2,INDUSTRIAL ENTERPRISE SOLUTIONS (SPECIFIC AREAS),MANUFACTURING AND INTELLIGENCE SOLUTIONS,,,
US11263812B2,BUSINESS FIELDS,INDUSTRIAL ENTERPRISE SOLUTIONS,,,
US11263812B2,INDUSTRIAL ENTERPRISE SOLUTIONS (SPECIFIC AREAS),MANUFACTURING AND INTELLIGENCE SOLUTIONS,,,
CN208059720U,BUSINESS FIELDS,INDUSTRIAL ENTERPRISE SOLUTIONS,,,
CN208059720U,INDUSTRIAL ENTERPRISE SOLUTIONS (SPECIFIC AREAS),MEASURING TOOLS/ INSTRUMENTS,,,
CN208059714U,BUSINESS FIELDS,INDUSTRIAL ENTERPRISE SOLUTIONS,,,
CN208059714U,INDUSTRIAL ENTERPRISE SOLUTIONS (SPECIFIC AREAS),MEASURING TOOLS/ INSTRUMENTS,,,
CN208059719U,BUSINESS FIELDS,INDUSTRIAL ENTERPRISE SOLUTIONS,,,
CN208059719U,INDUSTRIAL ENTERPRISE SOLUTIONS (SPECIFIC AREAS),MEASURING TOOLS/ INSTRUMENTS,,,
CN208045569U,BUSINESS FIELDS,INDUSTRIAL ENTERPRISE SOLUTIONS,,,
CN208045569U,INDUSTRIAL ENTERPRISE SOLUTIONS (SPECIFIC AREAS),MEASURING TOOLS/ INSTRUMENTS,,,
CN208042975U,BUSINESS FIELDS,INDUSTRIAL ENTERPRISE SOLUTIONS,,,
CN208042975U,INDUSTRIAL ENTERPRISE SOLUTIONS (SPECIFIC AREAS),MEASURING TOOLS/ INSTRUMENTS,,,
CN208043030U,BUSINESS FIELDS,INDUSTRIAL ENTERPRISE SOLUTIONS,,,
CN208043030U,INDUSTRIAL ENTERPRISE SOLUTIONS (SPECIFIC AREAS),MEASURING TOOLS/ INSTRUMENTS,,,
CN208022631U,BUSINESS FIELDS,INDUSTRIAL ENTERPRISE SOLUTIONS,,,
CN208022631U,INDUSTRIAL ENTERPRISE SOLUTIONS (SPECIFIC AREAS),MANUFACTURING AND INTELLIGENCE SOLUTIONS,,,
CN208022633U,BUSINESS FIELDS,INDUSTRIAL ENTERPRISE SOLUTIONS,,,
CN208022633U,INDUSTRIAL ENTERPRISE SOLUTIONS (SPECIFIC AREAS),MANUFACTURING AND INTELLIGENCE SOLUTIONS,,,
CN208018972U,BUSINESS FIELDS,INDUSTRIAL ENTERPRISE SOLUTIONS,,,
CN208018972U,INDUSTRIAL ENTERPRISE SOLUTIONS (SPECIFIC AREAS),MANUFACTURING AND INTELLIGENCE SOLUTIONS,,,
CN208026230U,BUSINESS FIELDS,INDUSTRIAL ENTERPRISE SOLUTIONS,,,
CN208026230U,INDUSTRIAL ENTERPRISE SOLUTIONS (SPECIFIC AREAS),MANUFACTURING AND INTELLIGENCE SOLUTIONS,,,
US20180307222A1,BUSINESS FIELDS,GEOSPATIAL ENTERPRISE SOLUTIONS,,,
US20180307222A1,GEOSPATIAL ENTERPRISE SOLUTIONS (SPECIFIC AREAS),SURVEYING,,,
US20180299249A1,BUSINESS FIELDS,GEOSPATIAL ENTERPRISE SOLUTIONS,,,
US20180299249A1,GEOSPATIAL ENTERPRISE SOLUTIONS (SPECIFIC AREAS),SURVEYING,,,
US10775503B2,BUSINESS FIELDS,GEOSPATIAL ENTERPRISE SOLUTIONS,,,
US10775503B2,GEOSPATIAL ENTERPRISE SOLUTIONS (SPECIFIC AREAS),SURVEYING,,,
US10347051B2,BUSINESS FIELDS,GEOSPATIAL ENTERPRISE SOLUTIONS,,,
US10347051B2,GEOSPATIAL ENTERPRISE SOLUTIONS (SPECIFIC AREAS),SURVEYING,,,
US11105633B2,BUSINESS FIELDS,GEOSPATIAL ENTERPRISE SOLUTIONS,,,
US11105633B2,GEOSPATIAL ENTERPRISE SOLUTIONS (SPECIFIC AREAS),AUTONOMY & POSITIONING,,,
US10609568B2,BUSINESS FIELDS,GEOSPATIAL ENTERPRISE SOLUTIONS,,,
US10609568B2,GEOSPATIAL ENTERPRISE SOLUTIONS (SPECIFIC AREAS),AUTONOMY & POSITIONING,,,
US10394980B2,OTHER AREAS,ENGINEERING DESIGN/ CAD SOFTWARES,,,
US11010506B2,BUSINESS FIELDS,INDUSTRIAL ENTERPRISE SOLUTIONS,,,
US11010506B2,INDUSTRIAL ENTERPRISE SOLUTIONS (SPECIFIC AREAS),MANUFACTURING AND INTELLIGENCE SOLUTIONS,,,
US11099257B2,BUSINESS FIELDS,GEOSPATIAL ENTERPRISE SOLUTIONS,,,
US11099257B2,GEOSPATIAL ENTERPRISE SOLUTIONS (SPECIFIC AREAS),MONITORING,,,
CN207894391U,BUSINESS FIELDS,INDUSTRIAL ENTERPRISE SOLUTIONS,,,
CN207894391U,INDUSTRIAL ENTERPRISE SOLUTIONS (SPECIFIC AREAS),MANUFACTURING AND INTELLIGENCE SOLUTIONS,,,
CN207894334U,BUSINESS FIELDS,INDUSTRIAL ENTERPRISE SOLUTIONS,,,
CN207894334U,INDUSTRIAL ENTERPRISE SOLUTIONS (SPECIFIC AREAS),MANUFACTURING AND INTELLIGENCE SOLUTIONS,,,
CN207888308U,BUSINESS FIELDS,INDUSTRIAL ENTERPRISE SOLUTIONS,,,
CN207888308U,INDUSTRIAL ENTERPRISE SOLUTIONS (SPECIFIC AREAS),MANUFACTURING AND INTELLIGENCE SOLUTIONS,,,
CN207894388U,BUSINESS FIELDS,INDUSTRIAL ENTERPRISE SOLUTIONS,,,
CN207894388U,INDUSTRIAL ENTERPRISE SOLUTIONS (SPECIFIC AREAS),CMMS,,,
CN207894623U,BUSINESS FIELDS,INDUSTRIAL ENTERPRISE SOLUTIONS,,,
CN207894623U,INDUSTRIAL ENTERPRISE SOLUTIONS (SPECIFIC AREAS),CMMS,,,
US10424108B2,BUSINESS FIELDS,GEOSPATIAL ENTERPRISE SOLUTIONS,,,
US10424108B2,GEOSPATIAL ENTERPRISE SOLUTIONS (SPECIFIC AREAS),SURVEYING,,,
US20200065972A1,BUSINESS FIELDS,INDUSTRIAL ENTERPRISE SOLUTIONS,,,
US20200065972A1,INDUSTRIAL ENTERPRISE SOLUTIONS (SPECIFIC AREAS),MANUFACTURING AND INTELLIGENCE SOLUTIONS,,,
US11127132B2,BUSINESS FIELDS,INDUSTRIAL ENTERPRISE SOLUTIONS,,,
US11127132B2,INDUSTRIAL ENTERPRISE SOLUTIONS (SPECIFIC AREAS),MANUFACTURING AND INTELLIGENCE SOLUTIONS,,,
US10319142B2,BUSINESS FIELDS,INDUSTRIAL ENTERPRISE SOLUTIONS,,,
US10319142B2,INDUSTRIAL ENTERPRISE SOLUTIONS (SPECIFIC AREAS),MANUFACTURING AND INTELLIGENCE SOLUTIONS,,,
USD826074S1,BUSINESS FIELDS,INDUSTRIAL ENTERPRISE SOLUTIONS,,,
USD826074S1,INDUSTRIAL ENTERPRISE SOLUTIONS (SPECIFIC AREAS),MEASURING TOOLS/ INSTRUMENTS,,,
CN207637046U,BUSINESS FIELDS,INDUSTRIAL ENTERPRISE SOLUTIONS,,,
CN207637046U,INDUSTRIAL ENTERPRISE SOLUTIONS (SPECIFIC AREAS),MANUFACTURING AND INTELLIGENCE SOLUTIONS,,,
CN207629405U,BUSINESS FIELDS,INDUSTRIAL ENTERPRISE SOLUTIONS,,,
CN207629405U,INDUSTRIAL ENTERPRISE SOLUTIONS (SPECIFIC AREAS),MANUFACTURING AND INTELLIGENCE SOLUTIONS,,,
CN108303051A,BUSINESS FIELDS,INDUSTRIAL ENTERPRISE SOLUTIONS,,,
CN108303051A,INDUSTRIAL ENTERPRISE SOLUTIONS (SPECIFIC AREAS),MANUFACTURING AND INTELLIGENCE SOLUTIONS,,,
US20180211367A1,BUSINESS FIELDS,GEOSPATIAL ENTERPRISE SOLUTIONS,,,
US20180211367A1,GEOSPATIAL ENTERPRISE SOLUTIONS (SPECIFIC AREAS),SURVEYING,,,
CN207585568U,BUSINESS FIELDS,INDUSTRIAL ENTERPRISE SOLUTIONS,,,
CN207585568U,INDUSTRIAL ENTERPRISE SOLUTIONS (SPECIFIC AREAS),MANUFACTURING AND INTELLIGENCE SOLUTIONS,,,
CN207585558U,BUSINESS FIELDS,INDUSTRIAL ENTERPRISE SOLUTIONS,,,
CN207585558U,INDUSTRIAL ENTERPRISE SOLUTIONS (SPECIFIC AREAS),MANUFACTURING AND INTELLIGENCE SOLUTIONS,,,
CN207585533U,BUSINESS FIELDS,INDUSTRIAL ENTERPRISE SOLUTIONS,,,
CN207585533U,INDUSTRIAL ENTERPRISE SOLUTIONS (SPECIFIC AREAS),MANUFACTURING AND INTELLIGENCE SOLUTIONS,,,
CN108247402A,BUSINESS FIELDS,INDUSTRIAL ENTERPRISE SOLUTIONS,,,
CN108247402A,INDUSTRIAL ENTERPRISE SOLUTIONS (SPECIFIC AREAS),MANUFACTURING AND INTELLIGENCE SOLUTIONS,,,
US10885703B2,OTHER AREAS,ENGINEERING DESIGN/ CAD SOFTWARES,,,
CN108225245B,BUSINESS FIELDS,INDUSTRIAL ENTERPRISE SOLUTIONS,,,
CN108225245B,INDUSTRIAL ENTERPRISE SOLUTIONS (SPECIFIC AREAS),MANUFACTURING AND INTELLIGENCE SOLUTIONS,,,
US20210025978A1,BUSINESS FIELDS,GEOSPATIAL ENTERPRISE SOLUTIONS,,,
US20210025978A1,GEOSPATIAL ENTERPRISE SOLUTIONS (SPECIFIC AREAS),SURVEYING,,,
US10820069B2,BUSINESS FIELDS,GEOSPATIAL ENTERPRISE SOLUTIONS,,,
US10820069B2,GEOSPATIAL ENTERPRISE SOLUTIONS (SPECIFIC AREAS),PUBLIC SAFETY,,,
US10458792B2,BUSINESS FIELDS,GEOSPATIAL ENTERPRISE SOLUTIONS,,,
US10458792B2,GEOSPATIAL ENTERPRISE SOLUTIONS (SPECIFIC AREAS),SURVEYING,,,
CN207487606U,BUSINESS FIELDS,INDUSTRIAL ENTERPRISE SOLUTIONS,,,
CN207487606U,INDUSTRIAL ENTERPRISE SOLUTIONS (SPECIFIC AREAS),MANUFACTURING AND INTELLIGENCE SOLUTIONS,,,
CN108127263A,BUSINESS FIELDS,INDUSTRIAL ENTERPRISE SOLUTIONS,,,
CN108127263A,INDUSTRIAL ENTERPRISE SOLUTIONS (SPECIFIC AREAS),MANUFACTURING AND INTELLIGENCE SOLUTIONS,,,
JP2018087761A,BUSINESS FIELDS,INDUSTRIAL ENTERPRISE SOLUTIONS,,,
JP2018087761A,INDUSTRIAL ENTERPRISE SOLUTIONS (SPECIFIC AREAS),MANUFACTURING AND INTELLIGENCE SOLUTIONS,,,
US10535148B2,BUSINESS FIELDS,GEOSPATIAL ENTERPRISE SOLUTIONS,,,
US10535148B2,GEOSPATIAL ENTERPRISE SOLUTIONS (SPECIFIC AREAS),SURVEYING,,,
US20190375066A1,BUSINESS FIELDS,INDUSTRIAL ENTERPRISE SOLUTIONS,,,
US20190375066A1,INDUSTRIAL ENTERPRISE SOLUTIONS (SPECIFIC AREAS),MANUFACTURING AND INTELLIGENCE SOLUTIONS,,,
US9977841B1,BUSINESS FIELDS,GEOSPATIAL ENTERPRISE SOLUTIONS,,,
US9977841B1,GEOSPATIAL ENTERPRISE SOLUTIONS (SPECIFIC AREAS),BUILDING,,,
US11068513B2,OTHER AREAS,ENGINEERING DESIGN/ CAD SOFTWARES,,,
CN207300080U,BUSINESS FIELDS,INDUSTRIAL ENTERPRISE SOLUTIONS,,,
CN207300080U,INDUSTRIAL ENTERPRISE SOLUTIONS (SPECIFIC AREAS),MEASURING TOOLS/ INSTRUMENTS,,,
CN207300470U,BUSINESS FIELDS,INDUSTRIAL ENTERPRISE SOLUTIONS,,,
CN207300470U,INDUSTRIAL ENTERPRISE SOLUTIONS (SPECIFIC AREAS),MEASURING TOOLS/ INSTRUMENTS,,,
CN207297732U,BUSINESS FIELDS,INDUSTRIAL ENTERPRISE SOLUTIONS,,,
CN207297732U,INDUSTRIAL ENTERPRISE SOLUTIONS (SPECIFIC AREAS),MANUFACTURING AND INTELLIGENCE SOLUTIONS,,,
CN107966109A,BUSINESS FIELDS,INDUSTRIAL ENTERPRISE SOLUTIONS,,,
CN107966109A,INDUSTRIAL ENTERPRISE SOLUTIONS (SPECIFIC AREAS),MANUFACTURING AND INTELLIGENCE SOLUTIONS,,,
US11212463B2,BUSINESS FIELDS,GEOSPATIAL ENTERPRISE SOLUTIONS,,,
US11212463B2,GEOSPATIAL ENTERPRISE SOLUTIONS (SPECIFIC AREAS),SURVEYING,,,
US20180122091A1,BUSINESS FIELDS,GEOSPATIAL ENTERPRISE SOLUTIONS,,,
US20180122091A1,GEOSPATIAL ENTERPRISE SOLUTIONS (SPECIFIC AREAS),SURVEYING,,,
US11047810B2,BUSINESS FIELDS,INDUSTRIAL ENTERPRISE SOLUTIONS,,,
US11047810B2,INDUSTRIAL ENTERPRISE SOLUTIONS (SPECIFIC AREAS),MANUFACTURING AND INTELLIGENCE SOLUTIONS,,,
CN207248042U,BUSINESS FIELDS,INDUSTRIAL ENTERPRISE SOLUTIONS,,,
CN207248042U,INDUSTRIAL ENTERPRISE SOLUTIONS (SPECIFIC AREAS),MEASURING TOOLS/ INSTRUMENTS,,,
US10640209B2,BUSINESS FIELDS,GEOSPATIAL ENTERPRISE SOLUTIONS,,,
US10640209B2,GEOSPATIAL ENTERPRISE SOLUTIONS (SPECIFIC AREAS),SURVEYING,,,
US11250529B2,BUSINESS FIELDS,GEOSPATIAL ENTERPRISE SOLUTIONS,,,
US11250529B2,GEOSPATIAL ENTERPRISE SOLUTIONS (SPECIFIC AREAS),PUBLIC SAFETY,,,
US10648791B2,BUSINESS FIELDS,INDUSTRIAL ENTERPRISE SOLUTIONS,,,
US10648791B2,INDUSTRIAL ENTERPRISE SOLUTIONS (SPECIFIC AREAS),CMMS,,,
US10557702B2,BUSINESS FIELDS,INDUSTRIAL ENTERPRISE SOLUTIONS,,,
US10557702B2,INDUSTRIAL ENTERPRISE SOLUTIONS (SPECIFIC AREAS),CMMS,,,
ZA201403271B,BUSINESS FIELDS,GEOSPATIAL ENTERPRISE SOLUTIONS,,,
ZA201403271B,GEOSPATIAL ENTERPRISE SOLUTIONS (SPECIFIC AREAS),MINING,,,
US10890446B2,BUSINESS FIELDS,GEOSPATIAL ENTERPRISE SOLUTIONS,,,
US10890446B2,GEOSPATIAL ENTERPRISE SOLUTIONS (SPECIFIC AREAS),SURVEYING,,,
US10176446B2,BUSINESS FIELDS,INDUSTRIAL ENTERPRISE SOLUTIONS,,,
US10176446B2,INDUSTRIAL ENTERPRISE SOLUTIONS (SPECIFIC AREAS),MANUFACTURING AND INTELLIGENCE SOLUTIONS,,,
US10684359B2,BUSINESS FIELDS,GEOSPATIAL ENTERPRISE SOLUTIONS,,,
US10684359B2,GEOSPATIAL ENTERPRISE SOLUTIONS (SPECIFIC AREAS),SURVEYING,,,
US10458772B2,BUSINESS FIELDS,INDUSTRIAL ENTERPRISE SOLUTIONS,,,
US10458772B2,INDUSTRIAL ENTERPRISE SOLUTIONS (SPECIFIC AREAS),CMMS,,,
CN206724914U,BUSINESS FIELDS,INDUSTRIAL ENTERPRISE SOLUTIONS,,,
CN206724914U,INDUSTRIAL ENTERPRISE SOLUTIONS (SPECIFIC AREAS),CMMS,,,
CN206724888U,BUSINESS FIELDS,INDUSTRIAL ENTERPRISE SOLUTIONS,,,
CN206724888U,INDUSTRIAL ENTERPRISE SOLUTIONS (SPECIFIC AREAS),MANUFACTURING AND INTELLIGENCE SOLUTIONS,,,
CN206724950U,BUSINESS FIELDS,INDUSTRIAL ENTERPRISE SOLUTIONS,,,
CN206724950U,INDUSTRIAL ENTERPRISE SOLUTIONS (SPECIFIC AREAS),MANUFACTURING AND INTELLIGENCE SOLUTIONS,,,
US20170358948A1,BUSINESS FIELDS,GEOSPATIAL ENTERPRISE SOLUTIONS,,,
US20170358948A1,GEOSPATIAL ENTERPRISE SOLUTIONS (SPECIFIC AREAS),PUBLIC SAFETY,,,
US10466854B2,BUSINESS FIELDS,GEOSPATIAL ENTERPRISE SOLUTIONS,,,
US10466854B2,GEOSPATIAL ENTERPRISE SOLUTIONS (SPECIFIC AREAS),BUILDING,,,
US20170351646A1,BUSINESS FIELDS,GEOSPATIAL ENTERPRISE SOLUTIONS,,,
US20170351646A1,GEOSPATIAL ENTERPRISE SOLUTIONS (SPECIFIC AREAS),MONITORING,,,
US10228229B2,BUSINESS FIELDS,INDUSTRIAL ENTERPRISE SOLUTIONS,,,
US10228229B2,INDUSTRIAL ENTERPRISE SOLUTIONS (SPECIFIC AREAS),CMMS,,,
US10585051B2,BUSINESS FIELDS,INDUSTRIAL ENTERPRISE SOLUTIONS,,,
US10585051B2,INDUSTRIAL ENTERPRISE SOLUTIONS (SPECIFIC AREAS),CMMS,,,
US10247542B2,BUSINESS FIELDS,GEOSPATIAL ENTERPRISE SOLUTIONS,,,
US10247542B2,GEOSPATIAL ENTERPRISE SOLUTIONS (SPECIFIC AREAS),SURVEYING,,,
US20210257737A1,BUSINESS FIELDS,GEOSPATIAL ENTERPRISE SOLUTIONS,,,
US20210257737A1,GEOSPATIAL ENTERPRISE SOLUTIONS (SPECIFIC AREAS),AUTONOMY & POSITIONING,,,
CN206573088U,BUSINESS FIELDS,INDUSTRIAL ENTERPRISE SOLUTIONS,,,
CN206573088U,INDUSTRIAL ENTERPRISE SOLUTIONS (SPECIFIC AREAS),CMMS,,,
CN206573082U,BUSINESS FIELDS,INDUSTRIAL ENTERPRISE SOLUTIONS,,,
CN206573082U,INDUSTRIAL ENTERPRISE SOLUTIONS (SPECIFIC AREAS),CMMS,,,
US9933263B2,BUSINESS FIELDS,GEOSPATIAL ENTERPRISE SOLUTIONS,,,
US9933263B2,GEOSPATIAL ENTERPRISE SOLUTIONS (SPECIFIC AREAS),AUTONOMY & POSITIONING,,,
EP3236194B1,BUSINESS FIELDS,INDUSTRIAL ENTERPRISE SOLUTIONS,,,
EP3236194B1,INDUSTRIAL ENTERPRISE SOLUTIONS (SPECIFIC AREAS),CMMS,,,
US20190095549A1,OTHER AREAS,ENGINEERING DESIGN/ CAD SOFTWARES,,,
USD799349S1,BUSINESS FIELDS,INDUSTRIAL ENTERPRISE SOLUTIONS,,,
USD799349S1,INDUSTRIAL ENTERPRISE SOLUTIONS (SPECIFIC AREAS),MEASURING TOOLS/ INSTRUMENTS,,,
US11037253B2,BUSINESS FIELDS,GEOSPATIAL ENTERPRISE SOLUTIONS,,,
US11037253B2,GEOSPATIAL ENTERPRISE SOLUTIONS (SPECIFIC AREAS),MONITORING,,,
US10634771B2,BUSINESS FIELDS,GEOSPATIAL ENTERPRISE SOLUTIONS,,,
US10634771B2,GEOSPATIAL ENTERPRISE SOLUTIONS (SPECIFIC AREAS),AUTONOMY & POSITIONING,,,
EP3225950B1,BUSINESS FIELDS,INDUSTRIAL ENTERPRISE SOLUTIONS,,,
EP3225950B1,INDUSTRIAL ENTERPRISE SOLUTIONS (SPECIFIC AREAS),MANUFACTURING AND INTELLIGENCE SOLUTIONS,,,
US10234272B2,BUSINESS FIELDS,INDUSTRIAL ENTERPRISE SOLUTIONS,,,
US10234272B2,INDUSTRIAL ENTERPRISE SOLUTIONS (SPECIFIC AREAS),CMMS,,,
US10664781B2,BUSINESS FIELDS,GEOSPATIAL ENTERPRISE SOLUTIONS,,,
US10664781B2,GEOSPATIAL ENTERPRISE SOLUTIONS (SPECIFIC AREAS),BUILDING,,,
US11222204B2,BUSINESS FIELDS,GEOSPATIAL ENTERPRISE SOLUTIONS,,,
US11222204B2,GEOSPATIAL ENTERPRISE SOLUTIONS (SPECIFIC AREAS),REALITY CAPTURE,,,
US10458450B2,BUSINESS FIELDS,INDUSTRIAL ENTERPRISE SOLUTIONS,,,
US10458450B2,INDUSTRIAL ENTERPRISE SOLUTIONS (SPECIFIC AREAS),MANUFACTURING AND INTELLIGENCE SOLUTIONS,,,
US10444361B2,BUSINESS FIELDS,GEOSPATIAL ENTERPRISE SOLUTIONS,,,
US10444361B2,GEOSPATIAL ENTERPRISE SOLUTIONS (SPECIFIC AREAS),AUTONOMY & POSITIONING,,,
US10738441B2,BUSINESS FIELDS,GEOSPATIAL ENTERPRISE SOLUTIONS,,,
US10738441B2,GEOSPATIAL ENTERPRISE SOLUTIONS (SPECIFIC AREAS),BUILDING,,,
US11263372B2,BUSINESS FIELDS,GEOSPATIAL ENTERPRISE SOLUTIONS,,,
US11263372B2,GEOSPATIAL ENTERPRISE SOLUTIONS (SPECIFIC AREAS),BUILDING,,,
CN107098160B,BUSINESS FIELDS,INDUSTRIAL ENTERPRISE SOLUTIONS,,,
CN107098160B,INDUSTRIAL ENTERPRISE SOLUTIONS (SPECIFIC AREAS),MANUFACTURING AND INTELLIGENCE SOLUTIONS,,,
US10309764B2,BUSINESS FIELDS,INDUSTRIAL ENTERPRISE SOLUTIONS,,,
US10309764B2,INDUSTRIAL ENTERPRISE SOLUTIONS (SPECIFIC AREAS),CMMS,,,
US10845467B2,BUSINESS FIELDS,GEOSPATIAL ENTERPRISE SOLUTIONS,,,
US10845467B2,GEOSPATIAL ENTERPRISE SOLUTIONS (SPECIFIC AREAS),SURVEYING,,,
US10508914B2,BUSINESS FIELDS,GEOSPATIAL ENTERPRISE SOLUTIONS,,,
US10508914B2,GEOSPATIAL ENTERPRISE SOLUTIONS (SPECIFIC AREAS),SURVEYING,,,
US9791575B2,BUSINESS FIELDS,GEOSPATIAL ENTERPRISE SOLUTIONS,,,
US9791575B2,GEOSPATIAL ENTERPRISE SOLUTIONS (SPECIFIC AREAS),AUTONOMY & POSITIONING,,,
CN206321272U,BUSINESS FIELDS,INDUSTRIAL ENTERPRISE SOLUTIONS,,,
CN206321272U,INDUSTRIAL ENTERPRISE SOLUTIONS (SPECIFIC AREAS),MANUFACTURING AND INTELLIGENCE SOLUTIONS,,,
CN206321266U,BUSINESS FIELDS,INDUSTRIAL ENTERPRISE SOLUTIONS,,,
CN206321266U,INDUSTRIAL ENTERPRISE SOLUTIONS (SPECIFIC AREAS),MANUFACTURING AND INTELLIGENCE SOLUTIONS,,,
US10394937B2,BUSINESS FIELDS,GEOSPATIAL ENTERPRISE SOLUTIONS,,,
US10394937B2,GEOSPATIAL ENTERPRISE SOLUTIONS (SPECIFIC AREAS),PUBLIC SAFETY,,,
US10302407B2,BUSINESS FIELDS,INDUSTRIAL ENTERPRISE SOLUTIONS,,,
US10302407B2,INDUSTRIAL ENTERPRISE SOLUTIONS (SPECIFIC AREAS),CMMS,,,
US10096894B2,BUSINESS FIELDS,GEOSPATIAL ENTERPRISE SOLUTIONS,,,
US10096894B2,GEOSPATIAL ENTERPRISE SOLUTIONS (SPECIFIC AREAS),AUTONOMY & POSITIONING,,,
US10119818B2,BUSINESS FIELDS,GEOSPATIAL ENTERPRISE SOLUTIONS,,,
US10119818B2,GEOSPATIAL ENTERPRISE SOLUTIONS (SPECIFIC AREAS),SURVEYING,,,
US10140756B2,BUSINESS FIELDS,GEOSPATIAL ENTERPRISE SOLUTIONS,,,
US10140756B2,GEOSPATIAL ENTERPRISE SOLUTIONS (SPECIFIC AREAS),SURVEYING,,,
US10162057B2,BUSINESS FIELDS,GEOSPATIAL ENTERPRISE SOLUTIONS,,,
US10162057B2,GEOSPATIAL ENTERPRISE SOLUTIONS (SPECIFIC AREAS),SURVEYING,,,
US11204229B2,BUSINESS FIELDS,INDUSTRIAL ENTERPRISE SOLUTIONS,,,
US11204229B2,INDUSTRIAL ENTERPRISE SOLUTIONS (SPECIFIC AREAS),CMMS,,,
US10627211B2,BUSINESS FIELDS,GEOSPATIAL ENTERPRISE SOLUTIONS,,,
US10627211B2,GEOSPATIAL ENTERPRISE SOLUTIONS (SPECIFIC AREAS),SURVEYING,,,
CN206223121U,BUSINESS FIELDS,INDUSTRIAL ENTERPRISE SOLUTIONS,,,
CN206223121U,INDUSTRIAL ENTERPRISE SOLUTIONS (SPECIFIC AREAS),MANUFACTURING AND INTELLIGENCE SOLUTIONS,,,
CN206223092U,BUSINESS FIELDS,INDUSTRIAL ENTERPRISE SOLUTIONS,,,
CN206223092U,INDUSTRIAL ENTERPRISE SOLUTIONS (SPECIFIC AREAS),MANUFACTURING AND INTELLIGENCE SOLUTIONS,,,
CN206223112U,BUSINESS FIELDS,INDUSTRIAL ENTERPRISE SOLUTIONS,,,
CN206223112U,INDUSTRIAL ENTERPRISE SOLUTIONS (SPECIFIC AREAS),MANUFACTURING AND INTELLIGENCE SOLUTIONS,,,
CN106768051A,BUSINESS FIELDS,INDUSTRIAL ENTERPRISE SOLUTIONS,,,
CN106768051A,INDUSTRIAL ENTERPRISE SOLUTIONS (SPECIFIC AREAS),MANUFACTURING AND INTELLIGENCE SOLUTIONS,,,
US10920458B2,BUSINESS FIELDS,GEOSPATIAL ENTERPRISE SOLUTIONS,,,
US10920458B2,GEOSPATIAL ENTERPRISE SOLUTIONS (SPECIFIC AREAS),SURVEYING,,,
US10507863B2,BUSINESS FIELDS,GEOSPATIAL ENTERPRISE SOLUTIONS,,,
US10520310B2,BUSINESS FIELDS,GEOSPATIAL ENTERPRISE SOLUTIONS,,,
US10520310B2,GEOSPATIAL ENTERPRISE SOLUTIONS (SPECIFIC AREAS),SURVEYING,,,
US10222492B2,BUSINESS FIELDS,INDUSTRIAL ENTERPRISE SOLUTIONS,,,
US10222492B2,INDUSTRIAL ENTERPRISE SOLUTIONS (SPECIFIC AREAS),MANUFACTURING AND INTELLIGENCE SOLUTIONS,,,
US10324607B2,BUSINESS FIELDS,GEOSPATIAL ENTERPRISE SOLUTIONS,,,
US10324607B2,GEOSPATIAL ENTERPRISE SOLUTIONS (SPECIFIC AREAS),BUILDING,,,
CN106525116A,BUSINESS FIELDS,INDUSTRIAL ENTERPRISE SOLUTIONS,,,
CN106525116A,INDUSTRIAL ENTERPRISE SOLUTIONS (SPECIFIC AREAS),MANUFACTURING AND INTELLIGENCE SOLUTIONS,,,
US10113871B2,BUSINESS FIELDS,GEOSPATIAL ENTERPRISE SOLUTIONS,,,
US10113871B2,GEOSPATIAL ENTERPRISE SOLUTIONS (SPECIFIC AREAS),SURVEYING,,,
US9941595B2,BUSINESS FIELDS,GEOSPATIAL ENTERPRISE SOLUTIONS,,,
US9941595B2,GEOSPATIAL ENTERPRISE SOLUTIONS (SPECIFIC AREAS),AUTONOMY & POSITIONING,,,
US9964417B2,BUSINESS FIELDS,GEOSPATIAL ENTERPRISE SOLUTIONS,,,
US9964417B2,GEOSPATIAL ENTERPRISE SOLUTIONS (SPECIFIC AREAS),BUILDING,,,
US9933248B2,BUSINESS FIELDS,INDUSTRIAL ENTERPRISE SOLUTIONS,,,
US9933248B2,INDUSTRIAL ENTERPRISE SOLUTIONS (SPECIFIC AREAS),MANUFACTURING AND INTELLIGENCE SOLUTIONS,,,
US10007270B2,BUSINESS FIELDS,GEOSPATIAL ENTERPRISE SOLUTIONS,,,
US10007270B2,GEOSPATIAL ENTERPRISE SOLUTIONS (SPECIFIC AREAS),AUTONOMY & POSITIONING,,,
CN205785146U,BUSINESS FIELDS,INDUSTRIAL ENTERPRISE SOLUTIONS,,,
CN205785146U,INDUSTRIAL ENTERPRISE SOLUTIONS (SPECIFIC AREAS),CMMS,,,
CA2893717C,BUSINESS FIELDS,GEOSPATIAL ENTERPRISE SOLUTIONS,,,
CA2893717C,GEOSPATIAL ENTERPRISE SOLUTIONS (SPECIFIC AREAS),AUTONOMY & POSITIONING,,,
EP3304358A1,OTHER AREAS,ENGINEERING DESIGN/ CAD SOFTWARES,,,
US9970762B2,BUSINESS FIELDS,GEOSPATIAL ENTERPRISE SOLUTIONS,,,
US9970762B2,GEOSPATIAL ENTERPRISE SOLUTIONS (SPECIFIC AREAS),SURVEYING,,,
US10571237B2,BUSINESS FIELDS,INDUSTRIAL ENTERPRISE SOLUTIONS,,,
US10571237B2,INDUSTRIAL ENTERPRISE SOLUTIONS (SPECIFIC AREAS),CMMS,,,
US10598476B2,BUSINESS FIELDS,INDUSTRIAL ENTERPRISE SOLUTIONS,,,
US10598476B2,INDUSTRIAL ENTERPRISE SOLUTIONS (SPECIFIC AREAS),CMMS,,,
US10222476B2,BUSINESS FIELDS,GEOSPATIAL ENTERPRISE SOLUTIONS,,,
US10222476B2,GEOSPATIAL ENTERPRISE SOLUTIONS (SPECIFIC AREAS),SURVEYING,,,
US10060769B2,BUSINESS FIELDS,GEOSPATIAL ENTERPRISE SOLUTIONS,,,
US10060769B2,GEOSPATIAL ENTERPRISE SOLUTIONS (SPECIFIC AREAS),SURVEYING,,,
US10545019B2,BUSINESS FIELDS,INDUSTRIAL ENTERPRISE SOLUTIONS,,,
US10545019B2,INDUSTRIAL ENTERPRISE SOLUTIONS (SPECIFIC AREAS),MANUFACTURING AND INTELLIGENCE SOLUTIONS,,,
US10704233B2,BUSINESS FIELDS,GEOSPATIAL ENTERPRISE SOLUTIONS,,,
US10704233B2,GEOSPATIAL ENTERPRISE SOLUTIONS (SPECIFIC AREAS),BUILDING,,,
US10698042B2,BUSINESS FIELDS,GEOSPATIAL ENTERPRISE SOLUTIONS,,,
US10698042B2,GEOSPATIAL ENTERPRISE SOLUTIONS (SPECIFIC AREAS),BUILDING,,,
US20180113079A1,BUSINESS FIELDS,INDUSTRIAL ENTERPRISE SOLUTIONS,,,
US20180113079A1,INDUSTRIAL ENTERPRISE SOLUTIONS (SPECIFIC AREAS),MANUFACTURING AND INTELLIGENCE SOLUTIONS,,,
US10451736B2,BUSINESS FIELDS,GEOSPATIAL ENTERPRISE SOLUTIONS,,,
US10451736B2,GEOSPATIAL ENTERPRISE SOLUTIONS (SPECIFIC AREAS),SURVEYING,,,
US20160261035A1,BUSINESS FIELDS,GEOSPATIAL ENTERPRISE SOLUTIONS,,,
US20160261035A1,GEOSPATIAL ENTERPRISE SOLUTIONS (SPECIFIC AREAS),AUTONOMY & POSITIONING,,,
US10352699B2,BUSINESS FIELDS,GEOSPATIAL ENTERPRISE SOLUTIONS,,,
US10352699B2,GEOSPATIAL ENTERPRISE SOLUTIONS (SPECIFIC AREAS),SURVEYING,,,
CN105910566B,BUSINESS FIELDS,INDUSTRIAL ENTERPRISE SOLUTIONS,,,
CN105910566B,INDUSTRIAL ENTERPRISE SOLUTIONS (SPECIFIC AREAS),MANUFACTURING AND INTELLIGENCE SOLUTIONS,,,
JP2017135687A,BUSINESS FIELDS,INDUSTRIAL ENTERPRISE SOLUTIONS,,,
JP2017135687A,INDUSTRIAL ENTERPRISE SOLUTIONS (SPECIFIC AREAS),MANUFACTURING AND INTELLIGENCE SOLUTIONS,,,
US10675725B2,BUSINESS FIELDS,INDUSTRIAL ENTERPRISE SOLUTIONS,,,
US10675725B2,INDUSTRIAL ENTERPRISE SOLUTIONS (SPECIFIC AREAS),MANUFACTURING AND INTELLIGENCE SOLUTIONS,,,
US20210409747A1,BUSINESS FIELDS,GEOSPATIAL ENTERPRISE SOLUTIONS,,,
US20210409747A1,GEOSPATIAL ENTERPRISE SOLUTIONS (SPECIFIC AREAS),SURVEYING,,,
WO2016123803A1,BUSINESS FIELDS,GEOSPATIAL ENTERPRISE SOLUTIONS,,,
WO2016123803A1,GEOSPATIAL ENTERPRISE SOLUTIONS (SPECIFIC AREAS),AUTONOMY & POSITIONING,,,
US9396552B1,BUSINESS FIELDS,GEOSPATIAL ENTERPRISE SOLUTIONS,,,
US9396552B1,GEOSPATIAL ENTERPRISE SOLUTIONS (SPECIFIC AREAS),SURVEYING,,,
US10060739B2,BUSINESS FIELDS,GEOSPATIAL ENTERPRISE SOLUTIONS,,,
US10060739B2,GEOSPATIAL ENTERPRISE SOLUTIONS (SPECIFIC AREAS),SURVEYING,,,
US9726482B2,BUSINESS FIELDS,INDUSTRIAL ENTERPRISE SOLUTIONS,,,
US9726482B2,INDUSTRIAL ENTERPRISE SOLUTIONS (SPECIFIC AREAS),MANUFACTURING AND INTELLIGENCE SOLUTIONS,,,
US10260873B2,BUSINESS FIELDS,GEOSPATIAL ENTERPRISE SOLUTIONS,,,
US10260873B2,GEOSPATIAL ENTERPRISE SOLUTIONS (SPECIFIC AREAS),SURVEYING,,,
US10725179B2,BUSINESS FIELDS,GEOSPATIAL ENTERPRISE SOLUTIONS,,,
US10725179B2,GEOSPATIAL ENTERPRISE SOLUTIONS (SPECIFIC AREAS),SURVEYING,,,
US10132653B2,BUSINESS FIELDS,GEOSPATIAL ENTERPRISE SOLUTIONS,,,
US10132653B2,GEOSPATIAL ENTERPRISE SOLUTIONS (SPECIFIC AREAS),SURVEYING,,,
US9862487B2,BUSINESS FIELDS,GEOSPATIAL ENTERPRISE SOLUTIONS,,,
US9862487B2,GEOSPATIAL ENTERPRISE SOLUTIONS (SPECIFIC AREAS),SURVEYING,,,
US10337865B2,BUSINESS FIELDS,GEOSPATIAL ENTERPRISE SOLUTIONS,,,
US10337865B2,GEOSPATIAL ENTERPRISE SOLUTIONS (SPECIFIC AREAS),SURVEYING,,,
US9939263B2,BUSINESS FIELDS,GEOSPATIAL ENTERPRISE SOLUTIONS,,,
US9939263B2,GEOSPATIAL ENTERPRISE SOLUTIONS (SPECIFIC AREAS),SURVEYING,,,
US9766341B2,BUSINESS FIELDS,GEOSPATIAL ENTERPRISE SOLUTIONS,,,
US9766341B2,GEOSPATIAL ENTERPRISE SOLUTIONS (SPECIFIC AREAS),AUTONOMY & POSITIONING,,,
US9530244B2,OTHER AREAS,ENGINEERING DESIGN/ CAD SOFTWARES,,,
US10572987B2,OTHER AREAS,ENGINEERING DESIGN/ CAD SOFTWARES,,,
US9482531B2,BUSINESS FIELDS,INDUSTRIAL ENTERPRISE SOLUTIONS,,,
US9482531B2,INDUSTRIAL ENTERPRISE SOLUTIONS (SPECIFIC AREAS),MANUFACTURING AND INTELLIGENCE SOLUTIONS,,,
EP3006923A1,BUSINESS FIELDS,INDUSTRIAL ENTERPRISE SOLUTIONS,,,
EP3006923A1,INDUSTRIAL ENTERPRISE SOLUTIONS (SPECIFIC AREAS),MANUFACTURING AND INTELLIGENCE SOLUTIONS,,,
US10036811B2,BUSINESS FIELDS,GEOSPATIAL ENTERPRISE SOLUTIONS,,,
US10036811B2,GEOSPATIAL ENTERPRISE SOLUTIONS (SPECIFIC AREAS),SURVEYING,,,
US10126124B2,BUSINESS FIELDS,GEOSPATIAL ENTERPRISE SOLUTIONS,,,
US10126124B2,GEOSPATIAL ENTERPRISE SOLUTIONS (SPECIFIC AREAS),SURVEYING,,,
US10394435B2,OTHER AREAS,ENGINEERING DESIGN/ CAD SOFTWARES,,,
US9709513B2,BUSINESS FIELDS,INDUSTRIAL ENTERPRISE SOLUTIONS,,,
US9709513B2,INDUSTRIAL ENTERPRISE SOLUTIONS (SPECIFIC AREAS),CMMS,,,
US10006766B2,BUSINESS FIELDS,GEOSPATIAL ENTERPRISE SOLUTIONS,,,
US10006766B2,GEOSPATIAL ENTERPRISE SOLUTIONS (SPECIFIC AREAS),SURVEYING,,,
US11215442B2,BUSINESS FIELDS,INDUSTRIAL ENTERPRISE SOLUTIONS,,,
US11215442B2,INDUSTRIAL ENTERPRISE SOLUTIONS (SPECIFIC AREAS),CMMS,,,
US9674423B2,BUSINESS FIELDS,GEOSPATIAL ENTERPRISE SOLUTIONS,,,
US9674423B2,GEOSPATIAL ENTERPRISE SOLUTIONS (SPECIFIC AREAS),SURVEYING,,,
US10269178B2,BUSINESS FIELDS,GEOSPATIAL ENTERPRISE SOLUTIONS,,,
US10269178B2,GEOSPATIAL ENTERPRISE SOLUTIONS (SPECIFIC AREAS),REALITY CAPTURE,,,
US9443312B2,BUSINESS FIELDS,GEOSPATIAL ENTERPRISE SOLUTIONS,,,
US9443312B2,GEOSPATIAL ENTERPRISE SOLUTIONS (SPECIFIC AREAS),SURVEYING,,,
US10120067B2,BUSINESS FIELDS,GEOSPATIAL ENTERPRISE SOLUTIONS,,,
US10120067B2,GEOSPATIAL ENTERPRISE SOLUTIONS (SPECIFIC AREAS),SURVEYING,,,
US20200110180A1,BUSINESS FIELDS,GEOSPATIAL ENTERPRISE SOLUTIONS,,,
US20200110180A1,GEOSPATIAL ENTERPRISE SOLUTIONS (SPECIFIC AREAS),SURVEYING,,,
EP3032218B1,BUSINESS FIELDS,INDUSTRIAL ENTERPRISE SOLUTIONS,,,
EP3032218B1,INDUSTRIAL ENTERPRISE SOLUTIONS (SPECIFIC AREAS),CMMS,,,
US10054422B2,BUSINESS FIELDS,GEOSPATIAL ENTERPRISE SOLUTIONS,,,
US10054422B2,GEOSPATIAL ENTERPRISE SOLUTIONS (SPECIFIC AREAS),SURVEYING,,,
DE102014110801B4,BUSINESS FIELDS,INDUSTRIAL ENTERPRISE SOLUTIONS,,,
DE102014110801B4,INDUSTRIAL ENTERPRISE SOLUTIONS (SPECIFIC AREAS),CMMS,,,
US9494413B2,BUSINESS FIELDS,INDUSTRIAL ENTERPRISE SOLUTIONS,,,
US9494413B2,INDUSTRIAL ENTERPRISE SOLUTIONS (SPECIFIC AREAS),CMMS,,,
DE102014116406B3,BUSINESS FIELDS,INDUSTRIAL ENTERPRISE SOLUTIONS,,,
DE102014116406B3,INDUSTRIAL ENTERPRISE SOLUTIONS (SPECIFIC AREAS),MANUFACTURING AND INTELLIGENCE SOLUTIONS,,,
US9343796B2,BUSINESS FIELDS,GEOSPATIAL ENTERPRISE SOLUTIONS,,,
US9343796B2,GEOSPATIAL ENTERPRISE SOLUTIONS (SPECIFIC AREAS),AUTONOMY & POSITIONING,,,
US10234279B2,BUSINESS FIELDS,INDUSTRIAL ENTERPRISE SOLUTIONS,,,
US10234279B2,INDUSTRIAL ENTERPRISE SOLUTIONS (SPECIFIC AREAS),MANUFACTURING AND INTELLIGENCE SOLUTIONS,,,
DE102015109076A1,BUSINESS FIELDS,INDUSTRIAL ENTERPRISE SOLUTIONS,,,
DE102015109076A1,INDUSTRIAL ENTERPRISE SOLUTIONS (SPECIFIC AREAS),CMMS,,,
US9750479B2,BUSINESS FIELDS,INDUSTRIAL ENTERPRISE SOLUTIONS,,,
US9750479B2,INDUSTRIAL ENTERPRISE SOLUTIONS (SPECIFIC AREAS),CMMS,,,
US9411053B2,BUSINESS FIELDS,GEOSPATIAL ENTERPRISE SOLUTIONS,,,
US9411053B2,GEOSPATIAL ENTERPRISE SOLUTIONS (SPECIFIC AREAS),AUTONOMY & POSITIONING,,,
US9766343B2,BUSINESS FIELDS,GEOSPATIAL ENTERPRISE SOLUTIONS,,,
US9766343B2,GEOSPATIAL ENTERPRISE SOLUTIONS (SPECIFIC AREAS),AUTONOMY & POSITIONING,,,
CA2852891A1,BUSINESS FIELDS,GEOSPATIAL ENTERPRISE SOLUTIONS,,,
CA2852891A1,GEOSPATIAL ENTERPRISE SOLUTIONS (SPECIFIC AREAS),SURVEYING,,,
US10317186B2,BUSINESS FIELDS,INDUSTRIAL ENTERPRISE SOLUTIONS,,,
US10317186B2,INDUSTRIAL ENTERPRISE SOLUTIONS (SPECIFIC AREAS),CMMS,,,
US10176024B2,BUSINESS FIELDS,INDUSTRIAL ENTERPRISE SOLUTIONS,,,
US10176024B2,INDUSTRIAL ENTERPRISE SOLUTIONS (SPECIFIC AREAS),MANUFACTURING AND INTELLIGENCE SOLUTIONS,,,
CN204852001U,BUSINESS FIELDS,INDUSTRIAL ENTERPRISE SOLUTIONS,,,
CN204852001U,INDUSTRIAL ENTERPRISE SOLUTIONS (SPECIFIC AREAS),MANUFACTURING AND INTELLIGENCE SOLUTIONS,,,
CN204854511U,BUSINESS FIELDS,INDUSTRIAL ENTERPRISE SOLUTIONS,,,
CN204854511U,INDUSTRIAL ENTERPRISE SOLUTIONS (SPECIFIC AREAS),MEASURING TOOLS/ INSTRUMENTS,,,
US9342743B2,BUSINESS FIELDS,INDUSTRIAL ENTERPRISE SOLUTIONS,,,
US9342743B2,INDUSTRIAL ENTERPRISE SOLUTIONS (SPECIFIC AREAS),MANUFACTURING AND INTELLIGENCE SOLUTIONS,,,
US20150346942A1,BUSINESS FIELDS,GEOSPATIAL ENTERPRISE SOLUTIONS,,,
US20150346942A1,GEOSPATIAL ENTERPRISE SOLUTIONS (SPECIFIC AREAS),BUILDING,,,
US20150346721A1,BUSINESS FIELDS,GEOSPATIAL ENTERPRISE SOLUTIONS,,,
US20150346721A1,GEOSPATIAL ENTERPRISE SOLUTIONS (SPECIFIC AREAS),SURVEYING,,,
US9982992B2,BUSINESS FIELDS,GEOSPATIAL ENTERPRISE SOLUTIONS,,,
US9982992B2,GEOSPATIAL ENTERPRISE SOLUTIONS (SPECIFIC AREAS),SURVEYING,,,
USRE47140E1,BUSINESS FIELDS,INDUSTRIAL ENTERPRISE SOLUTIONS,,,
USRE47140E1,INDUSTRIAL ENTERPRISE SOLUTIONS (SPECIFIC AREAS),MEASURING TOOLS/ INSTRUMENTS,,,
CN204829149U,BUSINESS FIELDS,INDUSTRIAL ENTERPRISE SOLUTIONS,,,
CN204829149U,INDUSTRIAL ENTERPRISE SOLUTIONS (SPECIFIC AREAS),MANUFACTURING AND INTELLIGENCE SOLUTIONS,,,
CN204831248U,BUSINESS FIELDS,INDUSTRIAL ENTERPRISE SOLUTIONS,,,
CN204831248U,INDUSTRIAL ENTERPRISE SOLUTIONS (SPECIFIC AREAS),MANUFACTURING AND INTELLIGENCE SOLUTIONS,,,
CN204831247U,BUSINESS FIELDS,INDUSTRIAL ENTERPRISE SOLUTIONS,,,
CN204831247U,INDUSTRIAL ENTERPRISE SOLUTIONS (SPECIFIC AREAS),MANUFACTURING AND INTELLIGENCE SOLUTIONS,,,
CN204831246U,BUSINESS FIELDS,INDUSTRIAL ENTERPRISE SOLUTIONS,,,
CN204831246U,INDUSTRIAL ENTERPRISE SOLUTIONS (SPECIFIC AREAS),MANUFACTURING AND INTELLIGENCE SOLUTIONS,,,
CA2852326A1,BUSINESS FIELDS,GEOSPATIAL ENTERPRISE SOLUTIONS,,,
CA2852326A1,GEOSPATIAL ENTERPRISE SOLUTIONS (SPECIFIC AREAS),SURVEYING,,,
US10150166B2,BUSINESS FIELDS,INDUSTRIAL ENTERPRISE SOLUTIONS,,,
US10150166B2,INDUSTRIAL ENTERPRISE SOLUTIONS (SPECIFIC AREAS),MANUFACTURING AND INTELLIGENCE SOLUTIONS,,,
US10949067B2,BUSINESS FIELDS,GEOSPATIAL ENTERPRISE SOLUTIONS,,,
US10949067B2,GEOSPATIAL ENTERPRISE SOLUTIONS (SPECIFIC AREAS),BUILDING,,,
EP2947630A1,OTHER AREAS,ENGINEERING DESIGN/ CAD SOFTWARES,,,
CN204806995U,BUSINESS FIELDS,INDUSTRIAL ENTERPRISE SOLUTIONS,,,
CN204806995U,INDUSTRIAL ENTERPRISE SOLUTIONS (SPECIFIC AREAS),MEASURING TOOLS/ INSTRUMENTS,,,
US10018836B2,BUSINESS FIELDS,GEOSPATIAL ENTERPRISE SOLUTIONS,,,
US10018836B2,GEOSPATIAL ENTERPRISE SOLUTIONS (SPECIFIC AREAS),SURVEYING,,,
US11232649B2,BUSINESS FIELDS,INDUSTRIAL ENTERPRISE SOLUTIONS,,,
US11232649B2,INDUSTRIAL ENTERPRISE SOLUTIONS (SPECIFIC AREAS),MANUFACTURING AND INTELLIGENCE SOLUTIONS,,,
CN204788178U,BUSINESS FIELDS,INDUSTRIAL ENTERPRISE SOLUTIONS,,,
CN204788178U,INDUSTRIAL ENTERPRISE SOLUTIONS (SPECIFIC AREAS),MEASURING TOOLS/ INSTRUMENTS,,,
CN204757895U,BUSINESS FIELDS,INDUSTRIAL ENTERPRISE SOLUTIONS,,,
CN204757895U,INDUSTRIAL ENTERPRISE SOLUTIONS (SPECIFIC AREAS),MEASURING TOOLS/ INSTRUMENTS,,,
US10508899B2,BUSINESS FIELDS,INDUSTRIAL ENTERPRISE SOLUTIONS,,,
US10508899B2,INDUSTRIAL ENTERPRISE SOLUTIONS (SPECIFIC AREAS),CMMS,,,
US10323920B2,BUSINESS FIELDS,INDUSTRIAL ENTERPRISE SOLUTIONS,,,
US10323920B2,INDUSTRIAL ENTERPRISE SOLUTIONS (SPECIFIC AREAS),CMMS,,,
US9534890B2,BUSINESS FIELDS,INDUSTRIAL ENTERPRISE SOLUTIONS,,,
US9534890B2,INDUSTRIAL ENTERPRISE SOLUTIONS (SPECIFIC AREAS),CMMS,,,
US9470792B2,BUSINESS FIELDS,GEOSPATIAL ENTERPRISE SOLUTIONS,,,
US9470792B2,GEOSPATIAL ENTERPRISE SOLUTIONS (SPECIFIC AREAS),SURVEYING,,,
US10618731B2,BUSINESS FIELDS,INDUSTRIAL ENTERPRISE SOLUTIONS,,,
US10618731B2,INDUSTRIAL ENTERPRISE SOLUTIONS (SPECIFIC AREAS),MANUFACTURING AND INTELLIGENCE SOLUTIONS,,,
US10107619B2,BUSINESS FIELDS,INDUSTRIAL ENTERPRISE SOLUTIONS,,,
US10107619B2,INDUSTRIAL ENTERPRISE SOLUTIONS (SPECIFIC AREAS),CMMS,,,
US10054439B2,BUSINESS FIELDS,GEOSPATIAL ENTERPRISE SOLUTIONS,,,
US10054439B2,GEOSPATIAL ENTERPRISE SOLUTIONS (SPECIFIC AREAS),SURVEYING,,,
US9582870B2,BUSINESS FIELDS,INDUSTRIAL ENTERPRISE SOLUTIONS,,,
US9582870B2,INDUSTRIAL ENTERPRISE SOLUTIONS (SPECIFIC AREAS),MANUFACTURING AND INTELLIGENCE SOLUTIONS,,,
US9638550B2,BUSINESS FIELDS,GEOSPATIAL ENTERPRISE SOLUTIONS,,,
US9638550B2,GEOSPATIAL ENTERPRISE SOLUTIONS (SPECIFIC AREAS),SURVEYING,,,
US9846063B2,BUSINESS FIELDS,GEOSPATIAL ENTERPRISE SOLUTIONS,,,
US9846063B2,GEOSPATIAL ENTERPRISE SOLUTIONS (SPECIFIC AREAS),SURVEYING,,,
US10007254B2,OTHER AREAS,ENGINEERING DESIGN/ CAD SOFTWARES,,,
US9879967B2,BUSINESS FIELDS,INDUSTRIAL ENTERPRISE SOLUTIONS,,,
US9879967B2,INDUSTRIAL ENTERPRISE SOLUTIONS (SPECIFIC AREAS),CMMS,,,
US10106323B2,BUSINESS FIELDS,INDUSTRIAL ENTERPRISE SOLUTIONS,,,
US10106323B2,INDUSTRIAL ENTERPRISE SOLUTIONS (SPECIFIC AREAS),MANUFACTURING AND INTELLIGENCE SOLUTIONS,,,
US10139353B2,BUSINESS FIELDS,INDUSTRIAL ENTERPRISE SOLUTIONS,,,
US10139353B2,INDUSTRIAL ENTERPRISE SOLUTIONS (SPECIFIC AREAS),MANUFACTURING AND INTELLIGENCE SOLUTIONS,,,
US9551778B2,BUSINESS FIELDS,GEOSPATIAL ENTERPRISE SOLUTIONS,,,
US9551778B2,GEOSPATIAL ENTERPRISE SOLUTIONS (SPECIFIC AREAS),AUTONOMY & POSITIONING,,,
US9837721B2,BUSINESS FIELDS,GEOSPATIAL ENTERPRISE SOLUTIONS,,,
US9837721B2,GEOSPATIAL ENTERPRISE SOLUTIONS (SPECIFIC AREAS),AUTONOMY & POSITIONING,,,
US9494403B2,BUSINESS FIELDS,INDUSTRIAL ENTERPRISE SOLUTIONS,,,
US9494403B2,INDUSTRIAL ENTERPRISE SOLUTIONS (SPECIFIC AREAS),CMMS,,,
US9803966B2,BUSINESS FIELDS,INDUSTRIAL ENTERPRISE SOLUTIONS,,,
US9803966B2,INDUSTRIAL ENTERPRISE SOLUTIONS (SPECIFIC AREAS),MANUFACTURING AND INTELLIGENCE SOLUTIONS,,,
USD731904S1,BUSINESS FIELDS,INDUSTRIAL ENTERPRISE SOLUTIONS,,,
USD731904S1,INDUSTRIAL ENTERPRISE SOLUTIONS (SPECIFIC AREAS),CMMS,,,
US9603300B2,BUSINESS FIELDS,GEOSPATIAL ENTERPRISE SOLUTIONS,,,
US9603300B2,GEOSPATIAL ENTERPRISE SOLUTIONS (SPECIFIC AREAS),SURVEYING,,,
US9679349B2,OTHER AREAS,ENGINEERING DESIGN/ CAD SOFTWARES,,,
US9429416B2,BUSINESS FIELDS,INDUSTRIAL ENTERPRISE SOLUTIONS,,,
US9429416B2,INDUSTRIAL ENTERPRISE SOLUTIONS (SPECIFIC AREAS),CMMS,,,
DE102013113407A1,BUSINESS FIELDS,INDUSTRIAL ENTERPRISE SOLUTIONS,,,
DE102013113407A1,INDUSTRIAL ENTERPRISE SOLUTIONS (SPECIFIC AREAS),CMMS,,,
US10030972B2,BUSINESS FIELDS,INDUSTRIAL ENTERPRISE SOLUTIONS,,,
US10030972B2,INDUSTRIAL ENTERPRISE SOLUTIONS (SPECIFIC AREAS),CMMS,,,
USD730212S1,BUSINESS FIELDS,INDUSTRIAL ENTERPRISE SOLUTIONS,,,
USD730212S1,INDUSTRIAL ENTERPRISE SOLUTIONS (SPECIFIC AREAS),MEASURING TOOLS/ INSTRUMENTS,,,
US10197394B2,BUSINESS FIELDS,INDUSTRIAL ENTERPRISE SOLUTIONS,,,
US10197394B2,INDUSTRIAL ENTERPRISE SOLUTIONS (SPECIFIC AREAS),MANUFACTURING AND INTELLIGENCE SOLUTIONS,,,
US9857163B2,BUSINESS FIELDS,INDUSTRIAL ENTERPRISE SOLUTIONS,,,
US9857163B2,INDUSTRIAL ENTERPRISE SOLUTIONS (SPECIFIC AREAS),CMMS,,,
CN104567716B,BUSINESS FIELDS,INDUSTRIAL ENTERPRISE SOLUTIONS,,,
CN104567716B,INDUSTRIAL ENTERPRISE SOLUTIONS (SPECIFIC AREAS),MANUFACTURING AND INTELLIGENCE SOLUTIONS,,,
US9182236B2,BUSINESS FIELDS,GEOSPATIAL ENTERPRISE SOLUTIONS,,,
US9182236B2,GEOSPATIAL ENTERPRISE SOLUTIONS (SPECIFIC AREAS),AUTONOMY & POSITIONING,,,
US10198533B2,BUSINESS FIELDS,GEOSPATIAL ENTERPRISE SOLUTIONS,,,
US10198533B2,GEOSPATIAL ENTERPRISE SOLUTIONS (SPECIFIC AREAS),SURVEYING,,,
US9644936B2,BUSINESS FIELDS,INDUSTRIAL ENTERPRISE SOLUTIONS,,,
US9644936B2,INDUSTRIAL ENTERPRISE SOLUTIONS (SPECIFIC AREAS),CMMS,,,
US20160251159A1,BUSINESS FIELDS,INDUSTRIAL ENTERPRISE SOLUTIONS,,,
US20160251159A1,INDUSTRIAL ENTERPRISE SOLUTIONS (SPECIFIC AREAS),MANUFACTURING AND INTELLIGENCE SOLUTIONS,,,
WO2015055782A1,BUSINESS FIELDS,INDUSTRIAL ENTERPRISE SOLUTIONS,,,
WO2015055782A1,INDUSTRIAL ENTERPRISE SOLUTIONS (SPECIFIC AREAS),CMMS,,,
US9529084B2,BUSINESS FIELDS,GEOSPATIAL ENTERPRISE SOLUTIONS,,,
US9529084B2,GEOSPATIAL ENTERPRISE SOLUTIONS (SPECIFIC AREAS),PUBLIC SAFETY,,,
US9778037B2,BUSINESS FIELDS,GEOSPATIAL ENTERPRISE SOLUTIONS,,,
US9778037B2,GEOSPATIAL ENTERPRISE SOLUTIONS (SPECIFIC AREAS),SURVEYING,,,
US9341474B2,BUSINESS FIELDS,GEOSPATIAL ENTERPRISE SOLUTIONS,,,
US9341474B2,GEOSPATIAL ENTERPRISE SOLUTIONS (SPECIFIC AREAS),SURVEYING,,,
US9109898B2,BUSINESS FIELDS,INDUSTRIAL ENTERPRISE SOLUTIONS,,,
US9109898B2,INDUSTRIAL ENTERPRISE SOLUTIONS (SPECIFIC AREAS),CMMS,,,
US9257756B2,BUSINESS FIELDS,GEOSPATIAL ENTERPRISE SOLUTIONS,,,
US9257756B2,GEOSPATIAL ENTERPRISE SOLUTIONS (SPECIFIC AREAS),AUTONOMY & POSITIONING,,,
US9182237B2,BUSINESS FIELDS,GEOSPATIAL ENTERPRISE SOLUTIONS,,,
US9182237B2,GEOSPATIAL ENTERPRISE SOLUTIONS (SPECIFIC AREAS),AUTONOMY & POSITIONING,,,
US20150077961A1,BUSINESS FIELDS,INDUSTRIAL ENTERPRISE SOLUTIONS,,,
US20150077961A1,INDUSTRIAL ENTERPRISE SOLUTIONS (SPECIFIC AREAS),MANUFACTURING AND INTELLIGENCE SOLUTIONS,,,
US10107624B2,BUSINESS FIELDS,GEOSPATIAL ENTERPRISE SOLUTIONS,,,
US10107624B2,GEOSPATIAL ENTERPRISE SOLUTIONS (SPECIFIC AREAS),SURVEYING,,,
US10169493B2,OTHER AREAS,ENGINEERING DESIGN/ CAD SOFTWARES,,,
US10321116B2,BUSINESS FIELDS,GEOSPATIAL ENTERPRISE SOLUTIONS,,,
US10321116B2,GEOSPATIAL ENTERPRISE SOLUTIONS (SPECIFIC AREAS),SURVEYING,,,
IN4130MUM2014A,BUSINESS FIELDS,INDUSTRIAL ENTERPRISE SOLUTIONS,,,
IN4130MUM2014A,INDUSTRIAL ENTERPRISE SOLUTIONS (SPECIFIC AREAS),MANUFACTURING AND INTELLIGENCE SOLUTIONS,,,
US10048379B2,BUSINESS FIELDS,GEOSPATIAL ENTERPRISE SOLUTIONS,,,
US10048379B2,GEOSPATIAL ENTERPRISE SOLUTIONS (SPECIFIC AREAS),SURVEYING,,,
US9273946B2,BUSINESS FIELDS,GEOSPATIAL ENTERPRISE SOLUTIONS,,,
US9273946B2,GEOSPATIAL ENTERPRISE SOLUTIONS (SPECIFIC AREAS),SURVEYING,,,
CN204076242U,BUSINESS FIELDS,INDUSTRIAL ENTERPRISE SOLUTIONS,,,
CN204076242U,INDUSTRIAL ENTERPRISE SOLUTIONS (SPECIFIC AREAS),MEASURING TOOLS/ INSTRUMENTS,,,
US9914150B2,BUSINESS FIELDS,GEOSPATIAL ENTERPRISE SOLUTIONS,,,
US9914150B2,GEOSPATIAL ENTERPRISE SOLUTIONS (SPECIFIC AREAS),SURVEYING,,,
CN104251671A,BUSINESS FIELDS,INDUSTRIAL ENTERPRISE SOLUTIONS,,,
CN104251671A,INDUSTRIAL ENTERPRISE SOLUTIONS (SPECIFIC AREAS),CMMS,,,
US9809115B2,BUSINESS FIELDS,GEOSPATIAL ENTERPRISE SOLUTIONS,,,
US9809115B2,GEOSPATIAL ENTERPRISE SOLUTIONS (SPECIFIC AREAS),MINING,,,
US20140368500A1,BUSINESS FIELDS,INDUSTRIAL ENTERPRISE SOLUTIONS,,,
US20140368500A1,INDUSTRIAL ENTERPRISE SOLUTIONS (SPECIFIC AREAS),CMMS,,,
US9234752B2,BUSINESS FIELDS,GEOSPATIAL ENTERPRISE SOLUTIONS,,,
US9234752B2,GEOSPATIAL ENTERPRISE SOLUTIONS (SPECIFIC AREAS),SURVEYING,,,
DE202014008041U1,BUSINESS FIELDS,GEOSPATIAL ENTERPRISE SOLUTIONS,,,
DE202014008041U1,GEOSPATIAL ENTERPRISE SOLUTIONS (SPECIFIC AREAS),SURVEYING,,,
US20160026363A1,BUSINESS FIELDS,GEOSPATIAL ENTERPRISE SOLUTIONS,,,
US20160026363A1,GEOSPATIAL ENTERPRISE SOLUTIONS (SPECIFIC AREAS),REALITY CAPTURE,,,
US9443344B2,BUSINESS FIELDS,GEOSPATIAL ENTERPRISE SOLUTIONS,,,
US9443344B2,GEOSPATIAL ENTERPRISE SOLUTIONS (SPECIFIC AREAS),REALITY CAPTURE,,,
CN203928957U,BUSINESS FIELDS,INDUSTRIAL ENTERPRISE SOLUTIONS,,,
CN203928957U,INDUSTRIAL ENTERPRISE SOLUTIONS (SPECIFIC AREAS),CMMS,,,
US9452533B2,BUSINESS FIELDS,INDUSTRIAL ENTERPRISE SOLUTIONS,,,
US9452533B2,INDUSTRIAL ENTERPRISE SOLUTIONS (SPECIFIC AREAS),MANUFACTURING AND INTELLIGENCE SOLUTIONS,,,
US9832487B2,BUSINESS FIELDS,GEOSPATIAL ENTERPRISE SOLUTIONS,,,
US9832487B2,GEOSPATIAL ENTERPRISE SOLUTIONS (SPECIFIC AREAS),SURVEYING,,,
US9322654B2,BUSINESS FIELDS,GEOSPATIAL ENTERPRISE SOLUTIONS,,,
US9322654B2,GEOSPATIAL ENTERPRISE SOLUTIONS (SPECIFIC AREAS),SURVEYING,,,
US9816813B2,BUSINESS FIELDS,GEOSPATIAL ENTERPRISE SOLUTIONS,,,
US9816813B2,GEOSPATIAL ENTERPRISE SOLUTIONS (SPECIFIC AREAS),SURVEYING,,,
CA2851055C,BUSINESS FIELDS,GEOSPATIAL ENTERPRISE SOLUTIONS,,,
CA2851055C,GEOSPATIAL ENTERPRISE SOLUTIONS (SPECIFIC AREAS),MINING,,,
US9582979B2,BUSINESS FIELDS,GEOSPATIAL ENTERPRISE SOLUTIONS,,,
US9582979B2,GEOSPATIAL ENTERPRISE SOLUTIONS (SPECIFIC AREAS),PUBLIC SAFETY,,,
USD716160S1,BUSINESS FIELDS,GEOSPATIAL ENTERPRISE SOLUTIONS,,,
USD716160S1,GEOSPATIAL ENTERPRISE SOLUTIONS (SPECIFIC AREAS),SURVEYING,,,
US10495456B2,BUSINESS FIELDS,GEOSPATIAL ENTERPRISE SOLUTIONS,,,
US10495456B2,GEOSPATIAL ENTERPRISE SOLUTIONS (SPECIFIC AREAS),AUTONOMY & POSITIONING,,,
CN203869672U,BUSINESS FIELDS,INDUSTRIAL ENTERPRISE SOLUTIONS,,,
CN203869672U,INDUSTRIAL ENTERPRISE SOLUTIONS (SPECIFIC AREAS),MANUFACTURING AND INTELLIGENCE SOLUTIONS,,,
CN203869670U,BUSINESS FIELDS,INDUSTRIAL ENTERPRISE SOLUTIONS,,,
CN203869670U,INDUSTRIAL ENTERPRISE SOLUTIONS (SPECIFIC AREAS),MANUFACTURING AND INTELLIGENCE SOLUTIONS,,,
US9696147B2,BUSINESS FIELDS,GEOSPATIAL ENTERPRISE SOLUTIONS,,,
US9696147B2,GEOSPATIAL ENTERPRISE SOLUTIONS (SPECIFIC AREAS),SURVEYING,,,
US9638522B2,BUSINESS FIELDS,GEOSPATIAL ENTERPRISE SOLUTIONS,,,
US9638522B2,GEOSPATIAL ENTERPRISE SOLUTIONS (SPECIFIC AREAS),SURVEYING,,,
US9594167B2,BUSINESS FIELDS,GEOSPATIAL ENTERPRISE SOLUTIONS,,,
US9594167B2,GEOSPATIAL ENTERPRISE SOLUTIONS (SPECIFIC AREAS),SURVEYING,,,
US9377298B2,BUSINESS FIELDS,GEOSPATIAL ENTERPRISE SOLUTIONS,,,
US9377298B2,GEOSPATIAL ENTERPRISE SOLUTIONS (SPECIFIC AREAS),SURVEYING,,,
US9891050B2,BUSINESS FIELDS,GEOSPATIAL ENTERPRISE SOLUTIONS,,,
US9891050B2,GEOSPATIAL ENTERPRISE SOLUTIONS (SPECIFIC AREAS),SURVEYING,,,
US10273000B2,BUSINESS FIELDS,GEOSPATIAL ENTERPRISE SOLUTIONS,,,
US10273000B2,GEOSPATIAL ENTERPRISE SOLUTIONS (SPECIFIC AREAS),SURVEYING,,,
USD714168S1,BUSINESS FIELDS,INDUSTRIAL ENTERPRISE SOLUTIONS,,,
USD714168S1,INDUSTRIAL ENTERPRISE SOLUTIONS (SPECIFIC AREAS),MANUFACTURING AND INTELLIGENCE SOLUTIONS,,,
US9200900B2,BUSINESS FIELDS,GEOSPATIAL ENTERPRISE SOLUTIONS,,,
US9200900B2,GEOSPATIAL ENTERPRISE SOLUTIONS (SPECIFIC AREAS),BUILDING,,,
US9175956B2,BUSINESS FIELDS,GEOSPATIAL ENTERPRISE SOLUTIONS,,,
US9175956B2,GEOSPATIAL ENTERPRISE SOLUTIONS (SPECIFIC AREAS),BUILDING,,,
US9250214B2,BUSINESS FIELDS,INDUSTRIAL ENTERPRISE SOLUTIONS,,,
US9250214B2,INDUSTRIAL ENTERPRISE SOLUTIONS (SPECIFIC AREAS),CMMS,,,
CN104034228B,BUSINESS FIELDS,INDUSTRIAL ENTERPRISE SOLUTIONS,,,
CN104034228B,INDUSTRIAL ENTERPRISE SOLUTIONS (SPECIFIC AREAS),CMMS,,,
US20140267686A1,BUSINESS FIELDS,GEOSPATIAL ENTERPRISE SOLUTIONS,,,
US20140267686A1,GEOSPATIAL ENTERPRISE SOLUTIONS (SPECIFIC AREAS),AUTONOMY & POSITIONING,,,
US9441974B2,BUSINESS FIELDS,GEOSPATIAL ENTERPRISE SOLUTIONS,,,
US9441974B2,GEOSPATIAL ENTERPRISE SOLUTIONS (SPECIFIC AREAS),AUTONOMY & POSITIONING,,,
US9957692B2,BUSINESS FIELDS,GEOSPATIAL ENTERPRISE SOLUTIONS,,,
US9957692B2,GEOSPATIAL ENTERPRISE SOLUTIONS (SPECIFIC AREAS),BUILDING,,,
US8972119B2,BUSINESS FIELDS,GEOSPATIAL ENTERPRISE SOLUTIONS,,,
US8972119B2,GEOSPATIAL ENTERPRISE SOLUTIONS (SPECIFIC AREAS),AUTONOMY & POSITIONING,,,
US20140267772A1,BUSINESS FIELDS,GEOSPATIAL ENTERPRISE SOLUTIONS,,,
US20140267772A1,GEOSPATIAL ENTERPRISE SOLUTIONS (SPECIFIC AREAS),SURVEYING,,,
US9477381B2,BUSINESS FIELDS,GEOSPATIAL ENTERPRISE SOLUTIONS,,,
US9477381B2,GEOSPATIAL ENTERPRISE SOLUTIONS (SPECIFIC AREAS),AUTONOMY & POSITIONING,,,
US9779543B2,OTHER AREAS,ENGINEERING DESIGN/ CAD SOFTWARES,,,
CN103968778A,BUSINESS FIELDS,GEOSPATIAL ENTERPRISE SOLUTIONS,,,
CN103968778A,GEOSPATIAL ENTERPRISE SOLUTIONS (SPECIFIC AREAS),SURVEYING,,,
AU2014100468A4,BUSINESS FIELDS,GEOSPATIAL ENTERPRISE SOLUTIONS,,,
AU2014100468A4,GEOSPATIAL ENTERPRISE SOLUTIONS (SPECIFIC AREAS),MINING,,,
CN103940379A,BUSINESS FIELDS,INDUSTRIAL ENTERPRISE SOLUTIONS,,,
CN103940379A,INDUSTRIAL ENTERPRISE SOLUTIONS (SPECIFIC AREAS),MANUFACTURING AND INTELLIGENCE SOLUTIONS,,,
CN203758456U,BUSINESS FIELDS,INDUSTRIAL ENTERPRISE SOLUTIONS,,,
CN203758456U,INDUSTRIAL ENTERPRISE SOLUTIONS (SPECIFIC AREAS),CMMS,,,
CN203744951U,BUSINESS FIELDS,INDUSTRIAL ENTERPRISE SOLUTIONS,,,
CN203744951U,INDUSTRIAL ENTERPRISE SOLUTIONS (SPECIFIC AREAS),MANUFACTURING AND INTELLIGENCE SOLUTIONS,,,
CN203744930U,BUSINESS FIELDS,INDUSTRIAL ENTERPRISE SOLUTIONS,,,
CN203744930U,INDUSTRIAL ENTERPRISE SOLUTIONS (SPECIFIC AREAS),MANUFACTURING AND INTELLIGENCE SOLUTIONS,,,
CN103940336B,BUSINESS FIELDS,INDUSTRIAL ENTERPRISE SOLUTIONS,,,
CN103940336B,INDUSTRIAL ENTERPRISE SOLUTIONS (SPECIFIC AREAS),MANUFACTURING AND INTELLIGENCE SOLUTIONS,,,
CN203785628U,BUSINESS FIELDS,INDUSTRIAL ENTERPRISE SOLUTIONS,,,
CN203785628U,INDUSTRIAL ENTERPRISE SOLUTIONS (SPECIFIC AREAS),MANUFACTURING AND INTELLIGENCE SOLUTIONS,,,
US20150355340A1,BUSINESS FIELDS,GEOSPATIAL ENTERPRISE SOLUTIONS,,,
US20150355340A1,GEOSPATIAL ENTERPRISE SOLUTIONS (SPECIFIC AREAS),AUTONOMY & POSITIONING,,,
US20140180620A1,BUSINESS FIELDS,INDUSTRIAL ENTERPRISE SOLUTIONS,,,
US20140180620A1,INDUSTRIAL ENTERPRISE SOLUTIONS (SPECIFIC AREAS),CMMS,,,
JP2015087978A,BUSINESS FIELDS,INDUSTRIAL ENTERPRISE SOLUTIONS,,,
JP2015087978A,INDUSTRIAL ENTERPRISE SOLUTIONS (SPECIFIC AREAS),MANUFACTURING AND INTELLIGENCE SOLUTIONS,,,
US9269173B2,BUSINESS FIELDS,INDUSTRIAL ENTERPRISE SOLUTIONS,,,
US9269173B2,INDUSTRIAL ENTERPRISE SOLUTIONS (SPECIFIC AREAS),MANUFACTURING AND INTELLIGENCE SOLUTIONS,,,
US9240062B2,BUSINESS FIELDS,INDUSTRIAL ENTERPRISE SOLUTIONS,,,
US9240062B2,INDUSTRIAL ENTERPRISE SOLUTIONS (SPECIFIC AREAS),MANUFACTURING AND INTELLIGENCE SOLUTIONS,,,
CN203534558U,BUSINESS FIELDS,INDUSTRIAL ENTERPRISE SOLUTIONS,,,
CN203534558U,INDUSTRIAL ENTERPRISE SOLUTIONS (SPECIFIC AREAS),CMMS,,,
CN203534546U,BUSINESS FIELDS,INDUSTRIAL ENTERPRISE SOLUTIONS,,,
CN203534546U,INDUSTRIAL ENTERPRISE SOLUTIONS (SPECIFIC AREAS),CMMS,,,
CN203534545U,BUSINESS FIELDS,INDUSTRIAL ENTERPRISE SOLUTIONS,,,
CN203534545U,INDUSTRIAL ENTERPRISE SOLUTIONS (SPECIFIC AREAS),CMMS,,,
CN203529862U,BUSINESS FIELDS,INDUSTRIAL ENTERPRISE SOLUTIONS,,,
CN203529862U,INDUSTRIAL ENTERPRISE SOLUTIONS (SPECIFIC AREAS),CMMS,,,
CN103471539B,BUSINESS FIELDS,INDUSTRIAL ENTERPRISE SOLUTIONS,,,
CN103471539B,INDUSTRIAL ENTERPRISE SOLUTIONS (SPECIFIC AREAS),CMMS,,,
DE102013110062A1,BUSINESS FIELDS,INDUSTRIAL ENTERPRISE SOLUTIONS,,,
DE102013110062A1,INDUSTRIAL ENTERPRISE SOLUTIONS (SPECIFIC AREAS),CMMS,,,
US9482560B2,BUSINESS FIELDS,GEOSPATIAL ENTERPRISE SOLUTIONS,,,
US9482560B2,GEOSPATIAL ENTERPRISE SOLUTIONS (SPECIFIC AREAS),SURVEYING,,,
DE202013005496U1,BUSINESS FIELDS,GEOSPATIAL ENTERPRISE SOLUTIONS,,,
DE202013005496U1,GEOSPATIAL ENTERPRISE SOLUTIONS (SPECIFIC AREAS),SURVEYING,,,
US10488847B2,BUSINESS FIELDS,INDUSTRIAL ENTERPRISE SOLUTIONS,,,
US10488847B2,INDUSTRIAL ENTERPRISE SOLUTIONS (SPECIFIC AREAS),MANUFACTURING AND INTELLIGENCE SOLUTIONS,,,
TW201341757A,BUSINESS FIELDS,INDUSTRIAL ENTERPRISE SOLUTIONS,,,
TW201341757A,INDUSTRIAL ENTERPRISE SOLUTIONS (SPECIFIC AREAS),MANUFACTURING AND INTELLIGENCE SOLUTIONS,,,
US9069355B2,BUSINESS FIELDS,INDUSTRIAL ENTERPRISE SOLUTIONS,,,
US9069355B2,INDUSTRIAL ENTERPRISE SOLUTIONS (SPECIFIC AREAS),CMMS,,,
US9222763B2,BUSINESS FIELDS,INDUSTRIAL ENTERPRISE SOLUTIONS,,,
US9222763B2,INDUSTRIAL ENTERPRISE SOLUTIONS (SPECIFIC AREAS),CMMS,,,
DE202013100676U1,BUSINESS FIELDS,INDUSTRIAL ENTERPRISE SOLUTIONS,,,
DE202013100676U1,INDUSTRIAL ENTERPRISE SOLUTIONS (SPECIFIC AREAS),CMMS,,,
US9057599B2,BUSINESS FIELDS,INDUSTRIAL ENTERPRISE SOLUTIONS,,,
US9057599B2,INDUSTRIAL ENTERPRISE SOLUTIONS (SPECIFIC AREAS),CMMS,,,
US9797700B2,BUSINESS FIELDS,INDUSTRIAL ENTERPRISE SOLUTIONS,,,
US9797700B2,INDUSTRIAL ENTERPRISE SOLUTIONS (SPECIFIC AREAS),CMMS,,,
US9593927B2,BUSINESS FIELDS,INDUSTRIAL ENTERPRISE SOLUTIONS,,,
US9593927B2,INDUSTRIAL ENTERPRISE SOLUTIONS (SPECIFIC AREAS),CMMS,,,
US10042054B2,BUSINESS FIELDS,GEOSPATIAL ENTERPRISE SOLUTIONS,,,
US10042054B2,GEOSPATIAL ENTERPRISE SOLUTIONS (SPECIFIC AREAS),SURVEYING,,,
US8911149B2,BUSINESS FIELDS,INDUSTRIAL ENTERPRISE SOLUTIONS,,,
US8911149B2,INDUSTRIAL ENTERPRISE SOLUTIONS (SPECIFIC AREAS),CMMS,,,
US10719537B2,BUSINESS FIELDS,GEOSPATIAL ENTERPRISE SOLUTIONS,,,
US10719537B2,GEOSPATIAL ENTERPRISE SOLUTIONS (SPECIFIC AREAS),REALITY CAPTURE,,,
US9945938B2,BUSINESS FIELDS,GEOSPATIAL ENTERPRISE SOLUTIONS,,,
US9945938B2,GEOSPATIAL ENTERPRISE SOLUTIONS (SPECIFIC AREAS),SURVEYING,,,
US9869757B2,BUSINESS FIELDS,GEOSPATIAL ENTERPRISE SOLUTIONS,,,
US9869757B2,GEOSPATIAL ENTERPRISE SOLUTIONS (SPECIFIC AREAS),SURVEYING,,,
US9644960B2,BUSINESS FIELDS,GEOSPATIAL ENTERPRISE SOLUTIONS,,,
US9644960B2,GEOSPATIAL ENTERPRISE SOLUTIONS (SPECIFIC AREAS),SURVEYING,,,
US9202123B2,BUSINESS FIELDS,GEOSPATIAL ENTERPRISE SOLUTIONS,,,
US9202123B2,GEOSPATIAL ENTERPRISE SOLUTIONS (SPECIFIC AREAS),AUTONOMY & POSITIONING,,,
US10041788B2,BUSINESS FIELDS,GEOSPATIAL ENTERPRISE SOLUTIONS,,,
US10041788B2,GEOSPATIAL ENTERPRISE SOLUTIONS (SPECIFIC AREAS),SURVEYING,,,
US9420275B2,BUSINESS FIELDS,GEOSPATIAL ENTERPRISE SOLUTIONS,,,
US9420275B2,GEOSPATIAL ENTERPRISE SOLUTIONS (SPECIFIC AREAS),AUTONOMY & POSITIONING,,,
US9720087B2,BUSINESS FIELDS,GEOSPATIAL ENTERPRISE SOLUTIONS,,,
US9720087B2,GEOSPATIAL ENTERPRISE SOLUTIONS (SPECIFIC AREAS),SURVEYING,,,
US9170215B2,BUSINESS FIELDS,INDUSTRIAL ENTERPRISE SOLUTIONS,,,
US9170215B2,INDUSTRIAL ENTERPRISE SOLUTIONS (SPECIFIC AREAS),CMMS,,,
CN202922456U,BUSINESS FIELDS,INDUSTRIAL ENTERPRISE SOLUTIONS,,,
CN202922456U,INDUSTRIAL ENTERPRISE SOLUTIONS (SPECIFIC AREAS),MANUFACTURING AND INTELLIGENCE SOLUTIONS,,,
US9541392B2,BUSINESS FIELDS,GEOSPATIAL ENTERPRISE SOLUTIONS,,,
US9541392B2,GEOSPATIAL ENTERPRISE SOLUTIONS (SPECIFIC AREAS),SURVEYING,,,
US9934335B2,BUSINESS FIELDS,GEOSPATIAL ENTERPRISE SOLUTIONS,,,
US9934335B2,GEOSPATIAL ENTERPRISE SOLUTIONS (SPECIFIC AREAS),BUILDING,,,
USD699605S1,BUSINESS FIELDS,INDUSTRIAL ENTERPRISE SOLUTIONS,,,
USD699605S1,INDUSTRIAL ENTERPRISE SOLUTIONS (SPECIFIC AREAS),MEASURING TOOLS/ INSTRUMENTS,,,
WO2014043824A1,BUSINESS FIELDS,GEOSPATIAL ENTERPRISE SOLUTIONS,,,
WO2014043824A1,GEOSPATIAL ENTERPRISE SOLUTIONS (SPECIFIC AREAS),MINING,,,
CN202836477U,BUSINESS FIELDS,INDUSTRIAL ENTERPRISE SOLUTIONS,,,
CN202836477U,INDUSTRIAL ENTERPRISE SOLUTIONS (SPECIFIC AREAS),MEASURING TOOLS/ INSTRUMENTS,,,
CN202836454U,BUSINESS FIELDS,INDUSTRIAL ENTERPRISE SOLUTIONS,,,
CN202836454U,INDUSTRIAL ENTERPRISE SOLUTIONS (SPECIFIC AREAS),MEASURING TOOLS/ INSTRUMENTS,,,
CN202836394U,BUSINESS FIELDS,INDUSTRIAL ENTERPRISE SOLUTIONS,,,
CN202836394U,INDUSTRIAL ENTERPRISE SOLUTIONS (SPECIFIC AREAS),MEASURING TOOLS/ INSTRUMENTS,,,
CN202836396U,BUSINESS FIELDS,INDUSTRIAL ENTERPRISE SOLUTIONS,,,
CN202836396U,INDUSTRIAL ENTERPRISE SOLUTIONS (SPECIFIC AREAS),MEASURING TOOLS/ INSTRUMENTS,,,
CN202836395U,BUSINESS FIELDS,INDUSTRIAL ENTERPRISE SOLUTIONS,,,
CN202836395U,INDUSTRIAL ENTERPRISE SOLUTIONS (SPECIFIC AREAS),MEASURING TOOLS/ INSTRUMENTS,,,
CN102878907B,BUSINESS FIELDS,INDUSTRIAL ENTERPRISE SOLUTIONS,,,
CN102878907B,INDUSTRIAL ENTERPRISE SOLUTIONS (SPECIFIC AREAS),MANUFACTURING AND INTELLIGENCE SOLUTIONS,,,
US9864062B2,BUSINESS FIELDS,GEOSPATIAL ENTERPRISE SOLUTIONS,,,
US9864062B2,GEOSPATIAL ENTERPRISE SOLUTIONS (SPECIFIC AREAS),SURVEYING,,,
US10007250B2,BUSINESS FIELDS,INDUSTRIAL ENTERPRISE SOLUTIONS,,,
US10007250B2,INDUSTRIAL ENTERPRISE SOLUTIONS (SPECIFIC AREAS),MANUFACTURING AND INTELLIGENCE SOLUTIONS,,,
US9587928B2,BUSINESS FIELDS,INDUSTRIAL ENTERPRISE SOLUTIONS,,,
US9587928B2,INDUSTRIAL ENTERPRISE SOLUTIONS (SPECIFIC AREAS),MANUFACTURING AND INTELLIGENCE SOLUTIONS,,,
US9753135B2,BUSINESS FIELDS,GEOSPATIAL ENTERPRISE SOLUTIONS,,,
US9753135B2,GEOSPATIAL ENTERPRISE SOLUTIONS (SPECIFIC AREAS),SURVEYING,,,
EP2698600A1,BUSINESS FIELDS,GEOSPATIAL ENTERPRISE SOLUTIONS,,,
EP2698600A1,GEOSPATIAL ENTERPRISE SOLUTIONS (SPECIFIC AREAS),SURVEYING,,,
US9116228B2,BUSINESS FIELDS,GEOSPATIAL ENTERPRISE SOLUTIONS,,,
US9116228B2,GEOSPATIAL ENTERPRISE SOLUTIONS (SPECIFIC AREAS),AUTONOMY & POSITIONING,,,
US9689652B2,BUSINESS FIELDS,INDUSTRIAL ENTERPRISE SOLUTIONS,,,
US9689652B2,INDUSTRIAL ENTERPRISE SOLUTIONS (SPECIFIC AREAS),MEASURING TOOLS/ INSTRUMENTS,,,
US9933245B2,BUSINESS FIELDS,INDUSTRIAL ENTERPRISE SOLUTIONS,,,
US9933245B2,INDUSTRIAL ENTERPRISE SOLUTIONS (SPECIFIC AREAS),MANUFACTURING AND INTELLIGENCE SOLUTIONS,,,
US10158167B2,BUSINESS FIELDS,GEOSPATIAL ENTERPRISE SOLUTIONS,,,
US10158167B2,GEOSPATIAL ENTERPRISE SOLUTIONS (SPECIFIC AREAS),AUTONOMY & POSITIONING,,,
US9766326B2,BUSINESS FIELDS,GEOSPATIAL ENTERPRISE SOLUTIONS,,,
US9766326B2,GEOSPATIAL ENTERPRISE SOLUTIONS (SPECIFIC AREAS),SURVEYING,,,
EP2680334A1,BUSINESS FIELDS,GEOSPATIAL ENTERPRISE SOLUTIONS,,,
EP2680334A1,GEOSPATIAL ENTERPRISE SOLUTIONS (SPECIFIC AREAS),SURVEYING,,,
US10114121B2,BUSINESS FIELDS,GEOSPATIAL ENTERPRISE SOLUTIONS,,,
US10114121B2,GEOSPATIAL ENTERPRISE SOLUTIONS (SPECIFIC AREAS),SURVEYING,,,
US10120077B2,BUSINESS FIELDS,GEOSPATIAL ENTERPRISE SOLUTIONS,,,
US10120077B2,GEOSPATIAL ENTERPRISE SOLUTIONS (SPECIFIC AREAS),SURVEYING,,,
US20140125520A1,BUSINESS FIELDS,GEOSPATIAL ENTERPRISE SOLUTIONS,,,
US20140125520A1,GEOSPATIAL ENTERPRISE SOLUTIONS (SPECIFIC AREAS),AUTONOMY & POSITIONING,,,
US9086477B2,BUSINESS FIELDS,GEOSPATIAL ENTERPRISE SOLUTIONS,,,
US9086477B2,GEOSPATIAL ENTERPRISE SOLUTIONS (SPECIFIC AREAS),AUTONOMY & POSITIONING,,,
US10187567B2,BUSINESS FIELDS,GEOSPATIAL ENTERPRISE SOLUTIONS,,,
US10187567B2,GEOSPATIAL ENTERPRISE SOLUTIONS (SPECIFIC AREAS),SURVEYING,,,
US9927801B2,BUSINESS FIELDS,INDUSTRIAL ENTERPRISE SOLUTIONS,,,
US9927801B2,INDUSTRIAL ENTERPRISE SOLUTIONS (SPECIFIC AREAS),MANUFACTURING AND INTELLIGENCE SOLUTIONS,,,
US9645239B2,BUSINESS FIELDS,GEOSPATIAL ENTERPRISE SOLUTIONS,,,
US9645239B2,GEOSPATIAL ENTERPRISE SOLUTIONS (SPECIFIC AREAS),SURVEYING,,,
US11067690B2,BUSINESS FIELDS,GEOSPATIAL ENTERPRISE SOLUTIONS,,,
US11067690B2,GEOSPATIAL ENTERPRISE SOLUTIONS (SPECIFIC AREAS),SURVEYING,,,
US9810964B2,BUSINESS FIELDS,GEOSPATIAL ENTERPRISE SOLUTIONS,,,
US9810964B2,GEOSPATIAL ENTERPRISE SOLUTIONS (SPECIFIC AREAS),SURVEYING,,,
US9405007B2,BUSINESS FIELDS,GEOSPATIAL ENTERPRISE SOLUTIONS,,,
US9405007B2,GEOSPATIAL ENTERPRISE SOLUTIONS (SPECIFIC AREAS),SURVEYING,,,
US9053452B2,BUSINESS FIELDS,INDUSTRIAL ENTERPRISE SOLUTIONS,,,
US9053452B2,INDUSTRIAL ENTERPRISE SOLUTIONS (SPECIFIC AREAS),MANUFACTURING AND INTELLIGENCE SOLUTIONS,,,
US9207056B2,BUSINESS FIELDS,INDUSTRIAL ENTERPRISE SOLUTIONS,,,
US9207056B2,INDUSTRIAL ENTERPRISE SOLUTIONS (SPECIFIC AREAS),MEASURING TOOLS/ INSTRUMENTS,,,
US9594183B2,BUSINESS FIELDS,GEOSPATIAL ENTERPRISE SOLUTIONS,,,
US9866322B2,BUSINESS FIELDS,GEOSPATIAL ENTERPRISE SOLUTIONS,,,
US9866322B2,GEOSPATIAL ENTERPRISE SOLUTIONS (SPECIFIC AREAS),SURVEYING,,,
US9846029B2,BUSINESS FIELDS,GEOSPATIAL ENTERPRISE SOLUTIONS,,,
US9846029B2,GEOSPATIAL ENTERPRISE SOLUTIONS (SPECIFIC AREAS),SURVEYING,,,
US10509192B2,BUSINESS FIELDS,GEOSPATIAL ENTERPRISE SOLUTIONS,,,
US10509192B2,GEOSPATIAL ENTERPRISE SOLUTIONS (SPECIFIC AREAS),SURVEYING,,,
US9816842B2,BUSINESS FIELDS,GEOSPATIAL ENTERPRISE SOLUTIONS,,,
US9816842B2,GEOSPATIAL ENTERPRISE SOLUTIONS (SPECIFIC AREAS),SURVEYING,,,
US20130232805A1,BUSINESS FIELDS,INDUSTRIAL ENTERPRISE SOLUTIONS,,,
US20130232805A1,INDUSTRIAL ENTERPRISE SOLUTIONS (SPECIFIC AREAS),MANUFACTURING AND INTELLIGENCE SOLUTIONS,,,
US9638519B2,BUSINESS FIELDS,GEOSPATIAL ENTERPRISE SOLUTIONS,,,
US9638519B2,GEOSPATIAL ENTERPRISE SOLUTIONS (SPECIFIC AREAS),SURVEYING,,,
US9658059B2,BUSINESS FIELDS,GEOSPATIAL ENTERPRISE SOLUTIONS,,,
US9658059B2,GEOSPATIAL ENTERPRISE SOLUTIONS (SPECIFIC AREAS),SURVEYING,,,
US8763267B2,BUSINESS FIELDS,INDUSTRIAL ENTERPRISE SOLUTIONS,,,
US8763267B2,INDUSTRIAL ENTERPRISE SOLUTIONS (SPECIFIC AREAS),CMMS,,,
US20140359511A1,BUSINESS FIELDS,GEOSPATIAL ENTERPRISE SOLUTIONS,,,
US20140359511A1,GEOSPATIAL ENTERPRISE SOLUTIONS (SPECIFIC AREAS),SURVEYING,,,
US9612331B2,BUSINESS FIELDS,GEOSPATIAL ENTERPRISE SOLUTIONS,,,
US9612331B2,GEOSPATIAL ENTERPRISE SOLUTIONS (SPECIFIC AREAS),SURVEYING,,,
US9625255B2,BUSINESS FIELDS,GEOSPATIAL ENTERPRISE SOLUTIONS,,,
US9625255B2,GEOSPATIAL ENTERPRISE SOLUTIONS (SPECIFIC AREAS),SURVEYING,,,
